user,session,0,1,2,3,4,5,6,7,8,9,10,11,12,13,14,15,16,17,18,19,20
0,0,453.0,375.0,406.0,422.0,328.0,407.0,343.0,391.0,391.0,406.0,78.0,63.0,109.0,78.0,63.0,94.0,78.0,78.0,62.0,78.0,94.0
0,1,516.0,421.0,375.0,407.0,343.0,407.0,359.0,375.0,391.0,422.0,94.0,93.0,79.0,79.0,93.0,79.0,78.0,63.0,63.0,62.0,93.0
0,2,469.0,390.0,406.0,422.0,360.0,422.0,375.0,421.0,438.0,453.0,94.0,93.0,125.0,79.0,78.0,78.0,93.0,78.0,79.0,62.0,94.0
0,3,453.0,469.0,438.0,531.0,516.0,546.0,407.0,437.0,485.0,484.0,78.0,110.0,125.0,125.0,125.0,125.0,94.0,93.0,63.0,62.0,109.0
0,4,469.0,375.0,375.0,359.0,328.0,391.0,359.0,344.0,390.0,407.0,109.0,109.0,109.0,93.0,125.0,94.0,93.0,63.0,78.0,63.0,62.0
0,5,468.0,375.0,344.0,406.0,360.0,484.0,344.0,344.0,390.0,438.0,93.0,94.0,110.0,110.0,94.0,109.0,63.0,62.0,62.0,63.0,62.0
0,6,485.0,359.0,375.0,406.0,344.0,438.0,343.0,360.0,375.0,422.0,110.0,94.0,110.0,110.0,79.0,78.0,62.0,63.0,62.0,62.0,62.0
0,7,469.0,375.0,375.0,422.0,344.0,453.0,359.0,375.0,422.0,438.0,110.0,125.0,125.0,110.0,94.0,94.0,94.0,94.0,78.0,63.0,78.0
0,8,421.0,391.0,359.0,391.0,344.0,422.0,359.0,359.0,391.0,438.0,78.0,94.0,94.0,79.0,94.0,94.0,78.0,63.0,63.0,78.0,78.0
0,9,438.0,390.0,375.0,438.0,359.0,406.0,375.0,375.0,407.0,453.0,78.0,93.0,110.0,110.0,94.0,94.0,94.0,79.0,79.0,93.0,94.0
0,10,484.0,375.0,422.0,406.0,360.0,421.0,329.0,375.0,406.0,422.0,62.0,78.0,109.0,78.0,78.0,78.0,63.0,62.0,62.0,62.0,78.0
0,11,484.0,391.0,453.0,406.0,375.0,469.0,343.0,391.0,453.0,453.0,93.0,94.0,93.0,78.0,94.0,94.0,78.0,79.0,94.0,63.0,94.0
0,12,484.0,407.0,406.0,500.0,422.0,453.0,359.0,375.0,422.0,422.0,94.0,94.0,109.0,125.0,125.0,109.0,94.0,78.0,94.0,78.0,125.0
0,13,500.0,391.0,375.0,406.0,344.0,437.0,344.0,375.0,391.0,421.0,109.0,94.0,109.0,93.0,94.0,93.0,94.0,78.0,78.0,93.0,94.0
0,14,625.0,610.0,1094.0,406.0,390.0,1594.0,375.0,438.0,422.0,453.0,79.0,94.0,94.0,78.0,78.0,63.0,78.0,47.0,62.0,46.0,62.0
0,15,453.0,375.0,344.0,437.0,391.0,437.0,344.0,359.0,422.0,422.0,94.0,109.0,109.0,125.0,125.0,109.0,94.0,94.0,94.0,78.0,110.0
0,16,454.0,406.0,359.0,391.0,359.0,375.0,360.0,359.0,391.0,437.0,79.0,93.0,94.0,78.0,78.0,78.0,94.0,62.0,62.0,78.0,94.0
0,17,547.0,406.0,360.0,390.0,422.0,422.0,359.0,360.0,406.0,422.0,78.0,47.0,63.0,47.0,78.0,47.0,63.0,63.0,47.0,63.0,62.0
0,18,500.0,391.0,375.0,406.0,360.0,468.0,344.0,375.0,422.0,438.0,110.0,125.0,125.0,94.0,94.0,78.0,63.0,78.0,78.0,78.0,78.0
0,19,531.0,437.0,360.0,406.0,359.0,422.0,360.0,359.0,375.0,438.0,109.0,109.0,94.0,78.0,94.0,79.0,63.0,62.0,63.0,94.0,109.0
1,0,281.0,250.0,249.0,250.0,281.0,249.0,219.0,1014.0,265.0,218.0,140.0,109.0,109.0,156.0,171.0,140.0,94.0,124.0,140.0,125.0,141.0
1,1,281.0,265.0,234.0,234.0,203.0,187.0,265.0,187.0,266.0,249.0,156.0,125.0,109.0,187.0,156.0,140.0,140.0,187.0,203.0,202.0,141.0
1,2,250.0,234.0,265.0,421.0,375.0,670.0,328.0,593.0,249.0,266.0,156.0,109.0,140.0,140.0,219.0,265.0,141.0,125.0,140.0,156.0,124.0
1,3,234.0,234.0,280.0,219.0,327.0,297.0,218.0,187.0,250.0,250.0,140.0,140.0,156.0,125.0,203.0,125.0,93.0,141.0,188.0,172.0,140.0
1,4,265.0,265.0,234.0,265.0,250.0,265.0,219.0,234.0,234.0,249.0,156.0,125.0,109.0,141.0,172.0,140.0,94.0,171.0,140.0,156.0,141.0
1,5,249.0,234.0,281.0,328.0,265.0,296.0,250.0,234.0,265.0,250.0,124.0,125.0,141.0,94.0,187.0,187.0,94.0,140.0,171.0,156.0,156.0
1,6,234.0,250.0,218.0,250.0,327.0,421.0,234.0,266.0,390.0,249.0,125.0,125.0,78.0,156.0,156.0,281.0,110.0,125.0,109.0,140.0,125.0
1,7,249.0,281.0,250.0,280.0,390.0,468.0,250.0,296.0,359.0,281.0,140.0,125.0,109.0,140.0,156.0,266.0,156.0,172.0,125.0,172.0,109.0
1,8,421.0,328.0,203.0,530.0,234.0,608.0,203.0,515.0,281.0,281.0,140.0,219.0,156.0,140.0,156.0,343.0,78.0,172.0,125.0,156.0,124.0
1,9,218.0,250.0,234.0,218.0,250.0,202.0,250.0,234.0,250.0,218.0,109.0,125.0,109.0,140.0,187.0,124.0,172.0,172.0,156.0,156.0,125.0
1,10,655.0,265.0,484.0,561.0,375.0,374.0,219.0,608.0,390.0,312.0,125.0,172.0,141.0,140.0,172.0,140.0,109.0,140.0,125.0,94.0,140.0
1,11,328.0,234.0,218.0,234.0,281.0,842.0,297.0,234.0,280.0,219.0,125.0,109.0,78.0,156.0,140.0,109.0,219.0,202.0,171.0,141.0,140.0
1,12,218.0,281.0,234.0,343.0,250.0,265.0,249.0,266.0,374.0,281.0,124.0,156.0,125.0,203.0,156.0,140.0,93.0,141.0,124.0,187.0,140.0
1,13,250.0,234.0,218.0,250.0,234.0,218.0,203.0,296.0,250.0,265.0,62.0,109.0,78.0,125.0,156.0,109.0,78.0,156.0,141.0,140.0,125.0
1,14,234.0,250.0,249.0,281.0,234.0,265.0,234.0,234.0,281.0,203.0,156.0,141.0,125.0,141.0,172.0,172.0,110.0,156.0,172.0,141.0,140.0
1,15,249.0,266.0,249.0,297.0,218.0,265.0,219.0,171.0,250.0,249.0,156.0,141.0,109.0,63.0,156.0,156.0,78.0,109.0,156.0,156.0,141.0
1,16,312.0,218.0,250.0,249.0,281.0,234.0,234.0,312.0,406.0,218.0,171.0,109.0,109.0,62.0,141.0,156.0,109.0,156.0,78.0,124.0,125.0
1,17,312.0,265.0,234.0,312.0,203.0,250.0,218.0,281.0,218.0,250.0,47.0,156.0,109.0,172.0,141.0,172.0,93.0,140.0,156.0,172.0,140.0
1,18,265.0,234.0,328.0,171.0,219.0,249.0,234.0,141.0,265.0,265.0,156.0,141.0,141.0,109.0,188.0,156.0,125.0,141.0,187.0,172.0,141.0
1,19,234.0,203.0,250.0,234.0,280.0,359.0,187.0,266.0,390.0,218.0,109.0,94.0,109.0,78.0,124.0,125.0,78.0,125.0,109.0,140.0,156.0
2,0,422.0,375.0,437.0,422.0,438.0,515.0,328.0,438.0,312.0,391.0,62.0,62.0,62.0,63.0,63.0,46.0,47.0,63.0,47.0,63.0,62.0
2,1,375.0,313.0,437.0,344.0,359.0,485.0,265.0,407.0,328.0,422.0,63.0,63.0,78.0,63.0,78.0,78.0,62.0,78.0,78.0,78.0,78.0
2,2,359.0,312.0,454.0,359.0,391.0,437.0,234.0,375.0,313.0,422.0,46.0,62.0,79.0,78.0,78.0,62.0,63.0,63.0,63.0,78.0,62.0
2,3,406.0,360.0,609.0,375.0,391.0,484.0,344.0,406.0,344.0,437.0,78.0,63.0,78.0,62.0,62.0,62.0,62.0,62.0,47.0,62.0,63.0
2,4,328.0,266.0,484.0,375.0,344.0,438.0,296.0,360.0,328.0,406.0,63.0,63.0,62.0,63.0,63.0,63.0,62.0,63.0,62.0,62.0,78.0
2,5,343.0,313.0,515.0,329.0,359.0,531.0,297.0,391.0,328.0,406.0,62.0,63.0,78.0,63.0,62.0,62.0,63.0,63.0,78.0,78.0,47.0
2,6,313.0,312.0,438.0,343.0,344.0,406.0,235.0,422.0,328.0,547.0,47.0,46.0,47.0,46.0,63.0,63.0,63.0,62.0,46.0,62.0,62.0
2,7,360.0,312.0,360.0,359.0,328.0,453.0,219.0,469.0,359.0,391.0,63.0,62.0,78.0,62.0,62.0,94.0,47.0,62.0,78.0,78.0,78.0
2,8,343.0,266.0,531.0,422.0,391.0,562.0,219.0,656.0,375.0,438.0,62.0,47.0,62.0,63.0,63.0,47.0,47.0,62.0,63.0,78.0,62.0
2,9,360.0,359.0,531.0,438.0,375.0,531.0,281.0,438.0,328.0,406.0,63.0,47.0,47.0,47.0,47.0,47.0,63.0,63.0,62.0,62.0,63.0
2,10,360.0,281.0,750.0,594.0,406.0,1109.0,297.0,625.0,391.0,422.0,63.0,47.0,62.0,62.0,62.0,62.0,63.0,63.0,63.0,62.0,62.0
2,11,328.0,266.0,828.0,343.0,329.0,468.0,282.0,421.0,329.0,421.0,62.0,62.0,78.0,62.0,47.0,62.0,63.0,62.0,63.0,62.0,63.0
2,12,344.0,312.0,484.0,391.0,422.0,469.0,218.0,407.0,375.0,422.0,47.0,62.0,63.0,63.0,63.0,47.0,62.0,63.0,78.0,62.0,62.0
2,13,359.0,297.0,281.0,344.0,359.0,422.0,266.0,375.0,359.0,407.0,62.0,47.0,63.0,78.0,63.0,63.0,63.0,78.0,62.0,63.0,62.0
2,14,797.0,375.0,500.0,468.0,422.0,547.0,313.0,1343.0,297.0,328.0,78.0,78.0,78.0,62.0,79.0,78.0,78.0,78.0,63.0,63.0,79.0
2,15,344.0,281.0,485.0,359.0,328.0,500.0,250.0,375.0,313.0,406.0,63.0,62.0,78.0,62.0,62.0,94.0,63.0,78.0,63.0,62.0,62.0
2,16,360.0,312.0,594.0,391.0,359.0,625.0,297.0,437.0,329.0,390.0,63.0,62.0,63.0,63.0,78.0,78.0,63.0,62.0,63.0,62.0,63.0
2,17,343.0,313.0,656.0,359.0,344.0,516.0,297.0,375.0,328.0,437.0,62.0,63.0,62.0,63.0,63.0,63.0,47.0,47.0,62.0,62.0,63.0
2,18,391.0,375.0,547.0,359.0,360.0,484.0,250.0,391.0,328.0,390.0,63.0,63.0,63.0,62.0,63.0,62.0,63.0,47.0,62.0,62.0,63.0
2,19,344.0,375.0,672.0,406.0,453.0,703.0,297.0,391.0,359.0,484.0,62.0,62.0,62.0,78.0,78.0,78.0,63.0,62.0,78.0,78.0,63.0
3,0,250.0,592.0,858.0,234.0,749.0,328.0,109.0,234.0,187.0,515.0,62.0,93.0,94.0,63.0,78.0,63.0,31.0,62.0,78.0,63.0,62.0
3,1,406.0,249.0,655.0,219.0,249.0,936.0,141.0,187.0,172.0,483.0,62.0,78.0,63.0,63.0,62.0,63.0,32.0,15.0,62.0,46.0,31.0
3,2,218.0,172.0,514.0,219.0,203.0,405.0,125.0,437.0,218.0,499.0,62.0,31.0,62.0,47.0,31.0,78.0,47.0,47.0,31.0,47.0,47.0
3,3,889.0,265.0,406.0,514.0,375.0,624.0,125.0,202.0,156.0,203.0,62.0,93.0,78.0,78.0,94.0,62.0,31.0,15.0,63.0,47.0,78.0
3,4,202.0,203.0,406.0,546.0,296.0,437.0,109.0,203.0,203.0,203.0,62.0,47.0,63.0,62.0,47.0,63.0,16.0,31.0,78.0,47.0,62.0
3,5,171.0,297.0,312.0,639.0,406.0,1887.0,156.0,390.0,219.0,343.0,62.0,109.0,109.0,109.0,78.0,93.0,47.0,32.0,78.0,62.0,47.0
3,6,187.0,203.0,686.0,250.0,202.0,344.0,124.0,312.0,188.0,483.0,46.0,62.0,46.0,78.0,62.0,78.0,46.0,16.0,63.0,62.0,63.0
3,7,218.0,328.0,655.0,249.0,281.0,749.0,172.0,234.0,202.0,453.0,62.0,94.0,62.0,78.0,78.0,94.0,47.0,31.0,78.0,63.0,62.0
3,8,266.0,280.0,749.0,219.0,296.0,749.0,140.0,234.0,203.0,484.0,78.0,62.0,63.0,47.0,62.0,62.0,47.0,47.0,78.0,62.0,62.0
3,9,234.0,484.0,624.0,249.0,406.0,655.0,141.0,249.0,390.0,577.0,63.0,78.0,93.0,78.0,78.0,94.0,31.0,46.0,109.0,63.0,63.0
3,10,219.0,234.0,561.0,219.0,234.0,561.0,141.0,281.0,234.0,811.0,78.0,31.0,47.0,63.0,78.0,93.0,63.0,31.0,93.0,62.0,62.0
3,11,281.0,297.0,1076.0,172.0,265.0,951.0,125.0,967.0,188.0,234.0,110.0,78.0,78.0,31.0,62.0,93.0,47.0,47.0,63.0,31.0,46.0
3,12,234.0,234.0,1248.0,218.0,218.0,1030.0,203.0,499.0,234.0,218.0,62.0,31.0,78.0,31.0,62.0,94.0,78.0,47.0,62.0,62.0,63.0
3,13,390.0,453.0,936.0,218.0,250.0,795.0,109.0,281.0,203.0,468.0,63.0,94.0,78.0,78.0,78.0,78.0,31.0,63.0,78.0,62.0,62.0
3,14,250.0,202.0,1482.0,250.0,343.0,1139.0,94.0,280.0,203.0,562.0,62.0,62.0,63.0,63.0,78.0,94.0,16.0,31.0,47.0,63.0,62.0
3,15,265.0,250.0,858.0,671.0,296.0,359.0,125.0,218.0,187.0,281.0,78.0,63.0,93.0,109.0,62.0,62.0,47.0,31.0,94.0,63.0,47.0
3,16,187.0,234.0,561.0,281.0,250.0,530.0,125.0,265.0,219.0,546.0,46.0,62.0,78.0,47.0,63.0,62.0,47.0,31.0,63.0,46.0,62.0
3,17,249.0,266.0,546.0,249.0,312.0,936.0,125.0,265.0,187.0,515.0,62.0,63.0,78.0,62.0,78.0,47.0,47.0,31.0,63.0,63.0,63.0
3,18,250.0,265.0,390.0,234.0,250.0,593.0,125.0,202.0,188.0,468.0,78.0,78.0,78.0,63.0,78.0,78.0,47.0,46.0,63.0,62.0,46.0
3,19,328.0,187.0,936.0,218.0,281.0,484.0,171.0,328.0,203.0,499.0,78.0,46.0,93.0,31.0,63.0,62.0,62.0,63.0,62.0,78.0,31.0
4,0,234.0,218.0,905.0,203.0,405.0,687.0,171.0,266.0,187.0,468.0,62.0,93.0,78.0,78.0,62.0,78.0,62.0,63.0,78.0,62.0,125.0
4,1,187.0,187.0,1014.0,172.0,515.0,1014.0,140.0,390.0,187.0,656.0,62.0,78.0,63.0,63.0,78.0,62.0,47.0,63.0,94.0,78.0,78.0
4,2,234.0,203.0,827.0,218.0,312.0,578.0,156.0,234.0,202.0,500.0,94.0,94.0,94.0,109.0,63.0,78.0,46.0,62.0,78.0,78.0,124.0
4,3,203.0,203.0,826.0,188.0,265.0,1014.0,156.0,437.0,156.0,608.0,78.0,78.0,93.0,94.0,78.0,78.0,47.0,62.0,62.0,93.0,78.0
4,4,218.0,203.0,811.0,219.0,468.0,577.0,140.0,312.0,187.0,266.0,78.0,78.0,47.0,109.0,62.0,78.0,62.0,63.0,78.0,78.0,93.0
4,5,219.0,203.0,234.0,202.0,484.0,343.0,141.0,234.0,514.0,874.0,94.0,93.0,93.0,93.0,125.0,109.0,63.0,62.0,140.0,63.0,47.0
4,6,171.0,234.0,843.0,156.0,561.0,640.0,172.0,327.0,172.0,234.0,78.0,110.0,78.0,78.0,78.0,78.0,62.0,62.0,78.0,93.0,125.0
4,7,187.0,219.0,671.0,171.0,499.0,843.0,171.0,422.0,171.0,515.0,63.0,94.0,109.0,78.0,94.0,110.0,47.0,47.0,62.0,78.0,109.0
4,8,827.0,203.0,764.0,203.0,468.0,671.0,156.0,593.0,171.0,515.0,110.0,78.0,78.0,125.0,78.0,109.0,47.0,62.0,93.0,94.0,109.0
4,9,187.0,203.0,764.0,187.0,421.0,1202.0,171.0,297.0,187.0,452.0,62.0,78.0,93.0,78.0,78.0,94.0,62.0,63.0,93.0,62.0,109.0
4,10,203.0,218.0,1717.0,187.0,515.0,842.0,156.0,421.0,172.0,437.0,63.0,94.0,63.0,93.0,93.0,93.0,62.0,62.0,63.0,62.0,93.0
4,11,203.0,234.0,983.0,203.0,530.0,671.0,140.0,297.0,156.0,499.0,78.0,94.0,63.0,94.0,78.0,47.0,62.0,63.0,47.0,93.0,125.0
4,12,202.0,219.0,733.0,187.0,562.0,733.0,172.0,343.0,187.0,437.0,78.0,78.0,47.0,78.0,78.0,62.0,62.0,62.0,93.0,78.0,109.0
4,13,188.0,218.0,811.0,187.0,406.0,842.0,141.0,390.0,203.0,436.0,63.0,109.0,78.0,78.0,63.0,78.0,47.0,62.0,62.0,62.0,110.0
4,14,203.0,202.0,905.0,172.0,624.0,1248.0,156.0,468.0,187.0,484.0,62.0,93.0,78.0,78.0,93.0,62.0,47.0,62.0,78.0,78.0,93.0
4,15,484.0,187.0,749.0,187.0,796.0,421.0,156.0,374.0,172.0,483.0,63.0,62.0,62.0,78.0,78.0,93.0,62.0,62.0,63.0,78.0,125.0
4,16,202.0,188.0,1045.0,234.0,577.0,1217.0,140.0,421.0,172.0,655.0,62.0,78.0,78.0,78.0,78.0,78.0,31.0,63.0,94.0,78.0,109.0
4,17,187.0,203.0,874.0,358.0,1046.0,1466.0,156.0,686.0,172.0,484.0,62.0,94.0,78.0,46.0,78.0,62.0,62.0,94.0,63.0,78.0,109.0
4,18,218.0,188.0,670.0,188.0,514.0,827.0,141.0,280.0,188.0,499.0,78.0,47.0,31.0,78.0,109.0,78.0,63.0,62.0,78.0,62.0,109.0
4,19,249.0,203.0,1186.0,218.0,593.0,780.0,125.0,312.0,171.0,500.0,78.0,94.0,109.0,109.0,78.0,62.0,47.0,78.0,62.0,78.0,93.0
5,0,437.0,313.0,281.0,359.0,329.0,515.0,297.0,281.0,453.0,391.0,94.0,78.0,78.0,78.0,94.0,93.0,94.0,78.0,94.0,94.0,125.0
5,1,422.0,297.0,250.0,312.0,282.0,812.0,250.0,250.0,344.0,328.0,94.0,78.0,94.0,94.0,94.0,78.0,94.0,78.0,94.0,78.0,125.0
5,2,406.0,297.0,281.0,312.0,313.0,828.0,313.0,296.0,375.0,360.0,78.0,78.0,93.0,78.0,94.0,94.0,78.0,78.0,79.0,79.0,78.0
5,3,422.0,297.0,281.0,344.0,296.0,813.0,297.0,281.0,391.0,359.0,94.0,78.0,78.0,78.0,78.0,79.0,94.0,78.0,94.0,93.0,125.0
5,4,500.0,312.0,266.0,359.0,344.0,531.0,297.0,328.0,360.0,343.0,94.0,78.0,94.0,78.0,94.0,94.0,78.0,78.0,78.0,78.0,141.0
5,5,422.0,281.0,203.0,328.0,313.0,500.0,281.0,266.0,421.0,360.0,94.0,93.0,78.0,94.0,94.0,78.0,78.0,78.0,93.0,79.0,109.0
5,6,407.0,297.0,343.0,375.0,328.0,641.0,250.0,313.0,390.0,375.0,94.0,93.0,93.0,94.0,78.0,94.0,94.0,94.0,93.0,78.0,125.0
5,7,531.0,297.0,297.0,344.0,312.0,453.0,250.0,297.0,375.0,407.0,78.0,78.0,94.0,94.0,94.0,94.0,79.0,79.0,94.0,110.0,140.0
5,8,484.0,329.0,375.0,390.0,360.0,484.0,281.0,266.0,375.0,390.0,78.0,94.0,78.0,93.0,94.0,93.0,78.0,78.0,94.0,78.0,125.0
5,9,563.0,312.0,438.0,375.0,343.0,469.0,313.0,296.0,407.0,406.0,94.0,78.0,94.0,78.0,93.0,78.0,94.0,78.0,94.0,109.0,125.0
5,10,531.0,329.0,296.0,375.0,329.0,484.0,297.0,297.0,406.0,391.0,94.0,94.0,93.0,94.0,94.0,78.0,78.0,78.0,78.0,78.0,125.0
5,11,500.0,297.0,281.0,328.0,312.0,500.0,266.0,281.0,422.0,360.0,93.0,78.0,93.0,78.0,94.0,94.0,79.0,78.0,94.0,78.0,125.0
5,12,594.0,203.0,343.0,344.0,375.0,547.0,156.0,313.0,406.0,422.0,78.0,78.0,78.0,94.0,78.0,78.0,78.0,78.0,78.0,94.0,125.0
5,13,469.0,234.0,281.0,313.0,265.0,485.0,281.0,266.0,421.0,360.0,78.0,78.0,94.0,78.0,93.0,94.0,78.0,78.0,93.0,94.0,94.0
5,14,406.0,250.0,250.0,312.0,375.0,485.0,156.0,391.0,531.0,672.0,78.0,94.0,78.0,94.0,110.0,94.0,78.0,94.0,93.0,94.0,125.0
5,15,391.0,281.0,219.0,328.0,297.0,406.0,172.0,328.0,437.0,375.0,78.0,78.0,78.0,93.0,93.0,93.0,78.0,78.0,94.0,94.0,94.0
5,16,484.0,266.0,297.0,359.0,328.0,563.0,203.0,297.0,687.0,391.0,78.0,78.0,78.0,94.0,94.0,78.0,94.0,78.0,78.0,94.0,125.0
5,17,469.0,312.0,329.0,359.0,344.0,453.0,281.0,281.0,422.0,375.0,94.0,94.0,94.0,78.0,94.0,93.0,78.0,78.0,78.0,94.0,125.0
5,18,532.0,297.0,296.0,360.0,328.0,469.0,234.0,313.0,468.0,453.0,79.0,78.0,93.0,94.0,94.0,94.0,78.0,94.0,78.0,94.0,125.0
5,19,468.0,235.0,234.0,359.0,250.0,500.0,157.0,297.0,375.0,343.0,93.0,94.0,62.0,78.0,79.0,79.0,79.0,78.0,78.0,93.0,125.0
6,0,343.0,250.0,235.0,265.0,250.0,282.0,203.0,265.0,313.0,328.0,62.0,79.0,63.0,78.0,79.0,63.0,62.0,62.0,79.0,78.0,63.0
6,1,359.0,203.0,219.0,312.0,282.0,296.0,157.0,265.0,297.0,297.0,46.0,78.0,63.0,78.0,78.0,62.0,63.0,78.0,63.0,63.0,63.0
6,2,328.0,235.0,250.0,312.0,266.0,312.0,266.0,250.0,297.0,281.0,63.0,78.0,78.0,78.0,78.0,62.0,63.0,62.0,62.0,62.0,62.0
6,3,344.0,281.0,266.0,297.0,281.0,297.0,266.0,265.0,282.0,281.0,63.0,78.0,79.0,63.0,62.0,63.0,78.0,62.0,63.0,62.0,62.0
6,4,344.0,203.0,219.0,281.0,250.0,281.0,172.0,250.0,281.0,297.0,63.0,62.0,78.0,78.0,78.0,63.0,63.0,63.0,63.0,79.0,63.0
6,5,343.0,203.0,235.0,297.0,234.0,297.0,172.0,250.0,265.0,297.0,78.0,78.0,79.0,62.0,62.0,78.0,62.0,62.0,62.0,79.0,63.0
6,6,328.0,250.0,235.0,297.0,250.0,296.0,188.0,266.0,296.0,297.0,78.0,94.0,78.0,78.0,62.0,78.0,79.0,62.0,62.0,63.0,63.0
6,7,329.0,203.0,234.0,297.0,281.0,328.0,172.0,266.0,297.0,281.0,63.0,62.0,78.0,78.0,62.0,78.0,63.0,63.0,47.0,62.0,62.0
6,8,344.0,219.0,218.0,297.0,235.0,297.0,171.0,266.0,266.0,281.0,63.0,62.0,62.0,63.0,63.0,78.0,62.0,63.0,63.0,78.0,78.0
6,9,344.0,203.0,219.0,312.0,282.0,296.0,172.0,266.0,297.0,312.0,63.0,62.0,78.0,62.0,78.0,78.0,79.0,63.0,78.0,78.0,78.0
6,10,344.0,234.0,219.0,312.0,250.0,282.0,172.0,718.0,328.0,329.0,78.0,78.0,63.0,94.0,63.0,47.0,62.0,78.0,78.0,79.0,62.0
6,11,281.0,203.0,203.0,297.0,235.0,297.0,156.0,297.0,312.0,328.0,62.0,63.0,63.0,63.0,47.0,62.0,62.0,62.0,62.0,78.0,63.0
6,12,328.0,219.0,218.0,313.0,250.0,312.0,204.0,281.0,297.0,312.0,62.0,62.0,62.0,63.0,62.0,62.0,47.0,62.0,62.0,62.0,63.0
6,13,343.0,203.0,204.0,296.0,266.0,281.0,157.0,281.0,281.0,266.0,78.0,63.0,63.0,78.0,63.0,63.0,63.0,62.0,47.0,63.0,62.0
6,14,360.0,265.0,266.0,297.0,265.0,297.0,250.0,266.0,312.0,329.0,63.0,78.0,78.0,78.0,62.0,79.0,63.0,63.0,62.0,79.0,62.0
6,15,469.0,172.0,187.0,297.0,344.0,328.0,141.0,218.0,266.0,297.0,63.0,62.0,62.0,63.0,63.0,47.0,47.0,47.0,47.0,63.0,62.0
6,16,375.0,203.0,234.0,313.0,266.0,312.0,172.0,281.0,281.0,313.0,62.0,78.0,78.0,79.0,78.0,62.0,63.0,62.0,63.0,79.0,62.0
6,17,312.0,235.0,234.0,297.0,266.0,297.0,187.0,266.0,281.0,297.0,62.0,79.0,62.0,78.0,63.0,62.0,62.0,63.0,78.0,78.0,62.0
6,18,343.0,203.0,219.0,313.0,265.0,313.0,172.0,265.0,313.0,281.0,46.0,63.0,63.0,78.0,62.0,78.0,62.0,78.0,63.0,62.0,78.0
6,19,328.0,219.0,203.0,313.0,250.0,312.0,156.0,282.0,281.0,297.0,63.0,78.0,62.0,78.0,46.0,62.0,63.0,63.0,46.0,62.0,62.0
7,0,327.0,265.0,312.0,359.0,312.0,406.0,327.0,328.0,359.0,374.0,78.0,78.0,78.0,78.0,63.0,109.0,78.0,63.0,78.0,94.0,78.0
7,1,359.0,234.0,218.0,312.0,250.0,374.0,156.0,281.0,296.0,375.0,140.0,109.0,78.0,109.0,78.0,124.0,62.0,94.0,140.0,109.0,109.0
7,2,297.0,218.0,172.0,327.0,203.0,406.0,171.0,265.0,266.0,312.0,94.0,93.0,62.0,93.0,78.0,78.0,62.0,78.0,78.0,78.0,78.0
7,3,358.0,203.0,328.0,327.0,312.0,359.0,328.0,390.0,343.0,328.0,93.0,94.0,78.0,78.0,78.0,94.0,78.0,109.0,93.0,78.0,93.0
7,4,374.0,281.0,327.0,390.0,359.0,375.0,296.0,328.0,312.0,358.0,78.0,94.0,93.0,110.0,78.0,94.0,93.0,78.0,78.0,78.0,94.0
7,5,296.0,203.0,250.0,280.0,234.0,297.0,171.0,266.0,265.0,327.0,93.0,94.0,78.0,78.0,78.0,94.0,62.0,63.0,109.0,78.0,110.0
7,6,344.0,202.0,281.0,328.0,312.0,374.0,156.0,312.0,281.0,312.0,110.0,93.0,94.0,94.0,109.0,140.0,78.0,109.0,109.0,78.0,156.0
7,7,328.0,234.0,234.0,343.0,219.0,327.0,219.0,280.0,312.0,375.0,109.0,109.0,125.0,109.0,78.0,124.0,94.0,78.0,110.0,78.0,109.0
7,8,297.0,202.0,312.0,266.0,234.0,343.0,140.0,297.0,234.0,327.0,94.0,93.0,94.0,78.0,78.0,93.0,62.0,94.0,78.0,93.0,94.0
7,9,359.0,281.0,281.0,405.0,297.0,374.0,312.0,328.0,327.0,375.0,78.0,94.0,109.0,93.0,78.0,109.0,78.0,78.0,78.0,78.0,78.0
7,10,344.0,265.0,343.0,359.0,296.0,390.0,281.0,328.0,312.0,327.0,94.0,109.0,109.0,78.0,78.0,78.0,47.0,78.0,78.0,62.0,78.0
7,11,328.0,218.0,297.0,343.0,312.0,374.0,265.0,328.0,296.0,344.0,109.0,93.0,109.0,124.0,109.0,109.0,94.0,110.0,109.0,94.0,140.0
7,12,312.0,250.0,312.0,374.0,343.0,390.0,312.0,359.0,328.0,374.0,78.0,109.0,109.0,93.0,94.0,94.0,78.0,94.0,94.0,93.0,94.0
7,13,343.0,250.0,265.0,406.0,327.0,359.0,265.0,406.0,296.0,359.0,78.0,78.0,109.0,125.0,93.0,94.0,78.0,94.0,78.0,78.0,78.0
7,14,343.0,249.0,328.0,390.0,359.0,359.0,280.0,359.0,312.0,359.0,93.0,93.0,110.0,109.0,78.0,78.0,78.0,78.0,78.0,78.0,78.0
7,15,250.0,218.0,218.0,266.0,234.0,296.0,172.0,249.0,250.0,312.0,94.0,109.0,78.0,78.0,78.0,93.0,94.0,62.0,78.0,62.0,78.0
7,16,358.0,250.0,312.0,406.0,327.0,343.0,328.0,328.0,312.0,374.0,109.0,94.0,94.0,94.0,78.0,94.0,63.0,78.0,93.0,78.0,78.0
7,17,312.0,218.0,234.0,375.0,249.0,359.0,172.0,327.0,312.0,375.0,94.0,94.0,78.0,110.0,109.0,156.0,63.0,93.0,94.0,78.0,109.0
7,18,375.0,234.0,202.0,312.0,468.0,1623.0,171.0,266.0,265.0,312.0,109.0,109.0,78.0,78.0,94.0,94.0,62.0,63.0,78.0,62.0,78.0
7,19,359.0,187.0,312.0,328.0,296.0,375.0,156.0,359.0,296.0,406.0,110.0,78.0,110.0,110.0,109.0,110.0,78.0,78.0,93.0,94.0,78.0
8,0,313.0,312.0,688.0,375.0,453.0,469.0,297.0,359.0,297.0,406.0,79.0,78.0,63.0,62.0,78.0,78.0,62.0,78.0,63.0,78.0,110.0
8,1,360.0,312.0,469.0,344.0,343.0,719.0,188.0,468.0,344.0,375.0,78.0,62.0,63.0,78.0,78.0,63.0,63.0,62.0,63.0,47.0,63.0
8,2,344.0,313.0,500.0,296.0,313.0,406.0,266.0,344.0,281.0,375.0,78.0,78.0,62.0,62.0,79.0,62.0,63.0,78.0,62.0,78.0,109.0
8,3,406.0,407.0,750.0,390.0,406.0,704.0,312.0,625.0,359.0,438.0,78.0,78.0,62.0,78.0,78.0,79.0,62.0,63.0,63.0,63.0,109.0
8,4,343.0,313.0,562.0,328.0,360.0,515.0,329.0,2125.0,281.0,359.0,78.0,63.0,62.0,63.0,63.0,62.0,63.0,62.0,62.0,78.0,110.0
8,5,328.0,312.0,532.0,296.0,313.0,469.0,281.0,312.0,297.0,344.0,78.0,78.0,78.0,62.0,63.0,62.0,62.0,62.0,79.0,63.0,125.0
8,6,313.0,297.0,625.0,312.0,344.0,594.0,297.0,343.0,297.0,360.0,78.0,78.0,78.0,62.0,63.0,78.0,78.0,78.0,63.0,63.0,109.0
8,7,375.0,359.0,406.0,844.0,422.0,766.0,297.0,546.0,313.0,453.0,78.0,78.0,78.0,79.0,78.0,78.0,62.0,78.0,63.0,78.0,94.0
8,8,360.0,312.0,766.0,375.0,328.0,484.0,313.0,328.0,297.0,390.0,78.0,62.0,63.0,78.0,62.0,78.0,78.0,62.0,62.0,78.0,125.0
8,9,328.0,297.0,453.0,390.0,391.0,500.0,188.0,375.0,359.0,391.0,78.0,78.0,78.0,62.0,63.0,63.0,78.0,62.0,78.0,62.0,93.0
8,10,375.0,329.0,625.0,328.0,359.0,547.0,312.0,329.0,312.0,391.0,63.0,63.0,78.0,78.0,78.0,78.0,78.0,63.0,62.0,63.0,109.0
8,11,344.0,297.0,562.0,281.0,313.0,484.0,235.0,359.0,297.0,375.0,63.0,47.0,62.0,63.0,79.0,78.0,63.0,62.0,78.0,78.0,109.0
8,12,344.0,297.0,531.0,312.0,328.0,485.0,328.0,344.0,312.0,453.0,62.0,62.0,78.0,78.0,63.0,63.0,78.0,78.0,62.0,63.0,94.0
8,13,344.0,312.0,516.0,297.0,343.0,516.0,281.0,328.0,313.0,359.0,78.0,62.0,78.0,62.0,78.0,63.0,63.0,63.0,63.0,62.0,110.0
8,14,344.0,296.0,563.0,328.0,328.0,406.0,297.0,313.0,297.0,375.0,62.0,62.0,79.0,62.0,78.0,63.0,79.0,63.0,78.0,62.0,109.0
8,15,344.0,297.0,531.0,313.0,312.0,469.0,313.0,328.0,281.0,391.0,79.0,63.0,78.0,78.0,78.0,78.0,78.0,62.0,62.0,62.0,109.0
8,16,407.0,328.0,578.0,344.0,359.0,500.0,281.0,438.0,359.0,422.0,79.0,62.0,78.0,62.0,78.0,63.0,78.0,78.0,78.0,78.0,109.0
8,17,328.0,266.0,593.0,313.0,281.0,500.0,234.0,313.0,297.0,453.0,62.0,62.0,78.0,63.0,62.0,78.0,78.0,63.0,62.0,62.0,125.0
8,18,360.0,344.0,406.0,375.0,328.0,484.0,282.0,500.0,328.0,484.0,63.0,62.0,78.0,62.0,78.0,94.0,63.0,62.0,78.0,78.0,125.0
8,19,329.0,296.0,329.0,734.0,641.0,640.0,281.0,375.0,579.0,781.0,94.0,78.0,63.0,78.0,78.0,93.0,78.0,79.0,79.0,78.0,109.0
9,0,250.0,421.0,468.0,249.0,1716.0,796.0,94.0,530.0,452.0,500.0,78.0,62.0,31.0,78.0,32.0,78.0,31.0,46.0,62.0,78.0,62.0
9,1,327.0,1545.0,686.0,203.0,437.0,983.0,124.0,453.0,265.0,312.0,47.0,63.0,62.0,78.0,78.0,62.0,46.0,63.0,47.0,78.0,94.0
9,2,234.0,499.0,328.0,234.0,327.0,1654.0,140.0,780.0,297.0,265.0,62.0,93.0,47.0,93.0,62.0,63.0,47.0,47.0,63.0,46.0,109.0
9,3,266.0,312.0,358.0,203.0,265.0,359.0,94.0,265.0,250.0,249.0,63.0,93.0,46.0,63.0,63.0,94.0,31.0,47.0,62.0,46.0,63.0
9,4,296.0,219.0,1217.0,187.0,515.0,1232.0,125.0,452.0,281.0,686.0,94.0,63.0,62.0,78.0,78.0,93.0,62.0,47.0,63.0,62.0,78.0
9,5,265.0,312.0,609.0,203.0,374.0,1030.0,124.0,453.0,249.0,266.0,63.0,63.0,78.0,62.0,46.0,94.0,78.0,78.0,47.0,63.0,93.0
9,6,328.0,593.0,2854.0,266.0,608.0,858.0,109.0,359.0,296.0,328.0,78.0,62.0,46.0,47.0,62.0,78.0,16.0,47.0,78.0,63.0,125.0
9,7,514.0,422.0,546.0,218.0,265.0,343.0,141.0,234.0,249.0,266.0,78.0,63.0,62.0,78.0,62.0,78.0,47.0,31.0,62.0,63.0,93.0
9,8,328.0,280.0,359.0,219.0,265.0,390.0,140.0,281.0,250.0,280.0,62.0,93.0,47.0,63.0,46.0,78.0,47.0,31.0,78.0,62.0,47.0
9,9,266.0,202.0,1545.0,234.0,452.0,1186.0,109.0,577.0,281.0,1030.0,141.0,78.0,63.0,78.0,62.0,47.0,47.0,47.0,47.0,78.0,109.0
9,10,297.0,483.0,281.0,265.0,406.0,920.0,156.0,343.0,297.0,312.0,63.0,78.0,47.0,78.0,63.0,93.0,78.0,31.0,63.0,62.0,78.0
9,11,515.0,374.0,265.0,203.0,312.0,421.0,141.0,327.0,265.0,250.0,93.0,109.0,62.0,156.0,94.0,78.0,47.0,15.0,63.0,63.0,78.0
9,12,281.0,359.0,359.0,234.0,312.0,468.0,109.0,359.0,249.0,874.0,63.0,47.0,47.0,62.0,62.0,62.0,31.0,47.0,62.0,63.0,62.0
9,13,343.0,203.0,998.0,203.0,328.0,983.0,125.0,421.0,281.0,327.0,109.0,63.0,47.0,78.0,63.0,78.0,47.0,46.0,31.0,62.0,63.0
9,14,265.0,296.0,437.0,296.0,328.0,562.0,140.0,359.0,468.0,405.0,78.0,62.0,31.0,62.0,63.0,109.0,31.0,47.0,62.0,62.0,16.0
9,15,281.0,265.0,437.0,203.0,280.0,297.0,109.0,281.0,218.0,250.0,62.0,62.0,31.0,62.0,62.0,78.0,62.0,62.0,62.0,47.0,62.0
9,16,250.0,296.0,780.0,234.0,796.0,405.0,110.0,343.0,281.0,343.0,47.0,62.0,63.0,47.0,31.0,78.0,47.0,46.0,62.0,46.0,62.0
9,17,265.0,297.0,483.0,343.0,328.0,390.0,140.0,281.0,281.0,593.0,94.0,63.0,78.0,94.0,78.0,94.0,62.0,47.0,78.0,31.0,78.0
9,18,391.0,296.0,1123.0,281.0,406.0,1232.0,125.0,468.0,312.0,327.0,78.0,93.0,62.0,109.0,47.0,78.0,47.0,47.0,62.0,62.0,78.0
9,19,640.0,218.0,1545.0,249.0,562.0,468.0,125.0,343.0,234.0,328.0,63.0,78.0,47.0,62.0,63.0,78.0,62.0,62.0,109.0,62.0,93.0
10,0,499.0,359.0,780.0,2075.0,468.0,1653.0,172.0,343.0,780.0,593.0,125.0,125.0,140.0,156.0,93.0,124.0,78.0,78.0,94.0,125.0,109.0
10,1,312.0,1108.0,1731.0,297.0,359.0,1076.0,187.0,406.0,249.0,1545.0,94.0,78.0,109.0,110.0,93.0,156.0,78.0,78.0,109.0,110.0,78.0
10,2,297.0,390.0,639.0,546.0,422.0,1575.0,188.0,655.0,1295.0,1014.0,125.0,140.0,93.0,110.0,94.0,109.0,94.0,78.0,109.0,93.0,109.0
10,3,343.0,344.0,936.0,1045.0,499.0,1763.0,187.0,702.0,156.0,1560.0,140.0,141.0,109.0,109.0,78.0,94.0,78.0,62.0,78.0,109.0,125.0
10,4,1280.0,374.0,577.0,265.0,453.0,515.0,140.0,390.0,203.0,296.0,110.0,140.0,94.0,94.0,110.0,93.0,62.0,78.0,109.0,93.0,125.0
10,5,281.0,250.0,920.0,265.0,359.0,1903.0,156.0,468.0,281.0,593.0,110.0,141.0,140.0,94.0,78.0,63.0,63.0,94.0,94.0,125.0,109.0
10,6,265.0,1295.0,1092.0,515.0,842.0,1841.0,171.0,312.0,266.0,546.0,125.0,140.0,109.0,125.0,109.0,125.0,78.0,78.0,94.0,124.0,140.0
10,7,390.0,312.0,1264.0,265.0,343.0,1436.0,187.0,951.0,281.0,531.0,110.0,110.0,125.0,94.0,63.0,125.0,78.0,109.0,78.0,94.0,93.0
10,8,249.0,1342.0,811.0,609.0,374.0,811.0,219.0,249.0,265.0,422.0,93.0,141.0,109.0,141.0,78.0,125.0,125.0,78.0,109.0,94.0,124.0
10,9,249.0,281.0,1076.0,344.0,312.0,1294.0,203.0,281.0,250.0,499.0,109.0,109.0,109.0,110.0,78.0,109.0,94.0,78.0,125.0,93.0,78.0
10,10,546.0,359.0,1014.0,280.0,422.0,717.0,187.0,578.0,202.0,453.0,93.0,109.0,93.0,109.0,110.0,93.0,78.0,63.0,109.0,110.0,109.0
10,11,218.0,234.0,421.0,297.0,405.0,967.0,188.0,499.0,203.0,296.0,93.0,125.0,94.0,109.0,93.0,109.0,63.0,78.0,93.0,93.0,109.0
10,12,328.0,280.0,1061.0,250.0,374.0,1061.0,172.0,577.0,281.0,639.0,156.0,140.0,78.0,109.0,78.0,125.0,62.0,109.0,93.0,124.0,109.0
10,13,312.0,359.0,718.0,327.0,312.0,515.0,187.0,499.0,780.0,1061.0,109.0,125.0,62.0,124.0,63.0,125.0,31.0,63.0,94.0,94.0,141.0
10,14,297.0,296.0,952.0,343.0,468.0,1045.0,172.0,390.0,312.0,452.0,109.0,93.0,78.0,140.0,78.0,109.0,78.0,78.0,109.0,93.0,109.0
10,15,530.0,281.0,562.0,234.0,374.0,1092.0,187.0,453.0,281.0,343.0,109.0,125.0,109.0,78.0,109.0,125.0,78.0,78.0,93.0,124.0,125.0
10,16,422.0,358.0,453.0,343.0,421.0,1919.0,172.0,1341.0,188.0,468.0,94.0,109.0,110.0,109.0,94.0,125.0,94.0,78.0,94.0,109.0,109.0
10,17,515.0,702.0,982.0,266.0,358.0,1701.0,171.0,422.0,358.0,453.0,78.0,156.0,93.0,94.0,78.0,110.0,62.0,78.0,109.0,78.0,78.0
10,18,266.0,514.0,609.0,296.0,531.0,889.0,171.0,983.0,297.0,452.0,94.0,124.0,110.0,78.0,172.0,171.0,78.0,94.0,109.0,93.0,109.0
10,19,406.0,405.0,890.0,374.0,437.0,2605.0,187.0,390.0,421.0,484.0,109.0,140.0,125.0,124.0,78.0,109.0,78.0,63.0,94.0,110.0,109.0
11,0,625.0,578.0,578.0,375.0,438.0,437.0,188.0,328.0,312.0,344.0,78.0,62.0,62.0,78.0,63.0,62.0,47.0,62.0,62.0,47.0,62.0
11,1,625.0,422.0,719.0,328.0,343.0,688.0,156.0,360.0,359.0,641.0,62.0,62.0,62.0,62.0,47.0,47.0,62.0,47.0,46.0,62.0,62.0
11,2,297.0,297.0,609.0,313.0,359.0,453.0,141.0,281.0,297.0,375.0,47.0,63.0,62.0,63.0,47.0,63.0,63.0,62.0,63.0,47.0,63.0
11,3,313.0,328.0,484.0,313.0,328.0,531.0,141.0,328.0,281.0,547.0,47.0,62.0,62.0,63.0,47.0,62.0,63.0,47.0,47.0,47.0,78.0
11,4,313.0,312.0,610.0,312.0,344.0,547.0,140.0,329.0,312.0,406.0,63.0,47.0,47.0,62.0,47.0,62.0,62.0,63.0,46.0,47.0,63.0
11,5,672.0,391.0,515.0,329.0,328.0,718.0,125.0,329.0,312.0,359.0,47.0,63.0,62.0,63.0,62.0,62.0,63.0,63.0,62.0,47.0,47.0
11,6,360.0,875.0,625.0,328.0,344.0,890.0,141.0,562.0,360.0,672.0,63.0,62.0,62.0,62.0,47.0,62.0,63.0,62.0,79.0,47.0,62.0
11,7,406.0,407.0,515.0,344.0,359.0,563.0,141.0,296.0,297.0,375.0,47.0,63.0,62.0,78.0,47.0,63.0,62.0,62.0,47.0,47.0,63.0
11,8,593.0,375.0,641.0,297.0,375.0,1234.0,125.0,407.0,328.0,609.0,62.0,79.0,79.0,63.0,62.0,62.0,63.0,63.0,46.0,47.0,78.0
11,9,610.0,297.0,859.0,328.0,359.0,625.0,141.0,328.0,313.0,531.0,47.0,62.0,62.0,62.0,63.0,47.0,63.0,47.0,47.0,47.0,47.0
11,10,312.0,297.0,1516.0,297.0,1109.0,906.0,125.0,485.0,359.0,2516.0,94.0,63.0,63.0,62.0,62.0,63.0,32.0,47.0,62.0,47.0,47.0
11,11,313.0,265.0,985.0,328.0,375.0,703.0,141.0,437.0,500.0,594.0,63.0,47.0,63.0,62.0,62.0,47.0,62.0,46.0,47.0,47.0,47.0
11,12,297.0,703.0,468.0,313.0,359.0,578.0,141.0,500.0,688.0,578.0,62.0,78.0,62.0,63.0,62.0,63.0,63.0,47.0,78.0,62.0,62.0
11,13,500.0,390.0,860.0,312.0,813.0,609.0,141.0,453.0,359.0,594.0,62.0,62.0,47.0,62.0,47.0,62.0,47.0,47.0,62.0,63.0,62.0
11,14,328.0,313.0,500.0,312.0,328.0,610.0,140.0,329.0,281.0,359.0,63.0,63.0,62.0,62.0,63.0,63.0,47.0,47.0,46.0,47.0,63.0
11,15,703.0,422.0,969.0,343.0,328.0,813.0,156.0,500.0,344.0,1016.0,62.0,47.0,47.0,62.0,47.0,63.0,62.0,47.0,47.0,47.0,62.0
11,16,312.0,313.0,734.0,328.0,407.0,562.0,141.0,312.0,313.0,437.0,62.0,47.0,47.0,63.0,47.0,47.0,47.0,47.0,47.0,47.0,47.0
11,17,937.0,281.0,704.0,328.0,375.0,922.0,140.0,563.0,359.0,1125.0,62.0,63.0,63.0,62.0,47.0,47.0,46.0,47.0,62.0,47.0,63.0
11,18,282.0,312.0,563.0,328.0,359.0,547.0,141.0,453.0,265.0,625.0,47.0,62.0,47.0,62.0,47.0,63.0,63.0,62.0,62.0,79.0,63.0
11,19,640.0,360.0,625.0,312.0,391.0,641.0,125.0,468.0,344.0,688.0,62.0,63.0,62.0,78.0,63.0,62.0,46.0,62.0,63.0,63.0,62.0
12,0,327.0,219.0,312.0,421.0,343.0,343.0,219.0,296.0,297.0,452.0,93.0,78.0,125.0,109.0,109.0,94.0,110.0,62.0,109.0,109.0,125.0
12,1,328.0,265.0,312.0,390.0,312.0,390.0,203.0,312.0,281.0,405.0,125.0,125.0,125.0,125.0,125.0,125.0,94.0,78.0,125.0,124.0,94.0
12,2,297.0,234.0,483.0,437.0,297.0,374.0,172.0,421.0,296.0,375.0,94.0,109.0,125.0,141.0,125.0,124.0,78.0,109.0,93.0,94.0,124.0
12,3,327.0,234.0,328.0,421.0,359.0,390.0,234.0,312.0,281.0,390.0,93.0,94.0,141.0,109.0,94.0,109.0,94.0,78.0,141.0,125.0,109.0
12,4,359.0,312.0,687.0,655.0,296.0,359.0,234.0,343.0,297.0,390.0,110.0,141.0,47.0,109.0,93.0,109.0,109.0,78.0,125.0,140.0,124.0
12,5,359.0,296.0,297.0,795.0,343.0,390.0,188.0,358.0,250.0,499.0,109.0,125.0,109.0,156.0,109.0,110.0,110.0,109.0,94.0,172.0,156.0
12,6,359.0,640.0,249.0,749.0,593.0,608.0,265.0,297.0,281.0,358.0,94.0,78.0,109.0,125.0,140.0,109.0,125.0,110.0,109.0,109.0,110.0
12,7,327.0,250.0,265.0,297.0,358.0,375.0,171.0,359.0,265.0,390.0,93.0,110.0,94.0,78.0,109.0,141.0,93.0,125.0,78.0,156.0,110.0
12,8,327.0,266.0,296.0,390.0,374.0,359.0,187.0,359.0,328.0,452.0,125.0,125.0,109.0,125.0,125.0,110.0,94.0,110.0,109.0,171.0,172.0
12,9,343.0,218.0,250.0,359.0,327.0,359.0,187.0,375.0,281.0,390.0,125.0,109.0,110.0,109.0,140.0,110.0,109.0,78.0,109.0,109.0,109.0
12,10,359.0,249.0,281.0,437.0,296.0,390.0,188.0,343.0,265.0,390.0,140.0,109.0,78.0,78.0,109.0,141.0,94.0,93.0,109.0,140.0,140.0
12,11,359.0,218.0,281.0,437.0,374.0,422.0,218.0,281.0,359.0,343.0,125.0,94.0,125.0,141.0,140.0,141.0,124.0,78.0,125.0,93.0,140.0
12,12,390.0,249.0,843.0,515.0,405.0,1623.0,156.0,390.0,312.0,514.0,109.0,109.0,125.0,109.0,109.0,141.0,78.0,62.0,109.0,78.0,141.0
12,13,359.0,265.0,328.0,437.0,343.0,405.0,234.0,344.0,327.0,406.0,125.0,125.0,141.0,140.0,124.0,125.0,110.0,110.0,140.0,109.0,140.0
12,14,344.0,234.0,312.0,390.0,343.0,390.0,203.0,343.0,265.0,390.0,125.0,109.0,124.0,93.0,109.0,109.0,93.0,93.0,93.0,125.0,125.0
12,15,375.0,234.0,296.0,359.0,359.0,390.0,156.0,421.0,328.0,437.0,94.0,78.0,140.0,110.0,109.0,109.0,78.0,109.0,109.0,109.0,124.0
12,16,343.0,234.0,359.0,624.0,327.0,406.0,203.0,312.0,296.0,374.0,109.0,93.0,125.0,78.0,124.0,156.0,93.0,78.0,109.0,109.0,172.0
12,17,359.0,218.0,312.0,375.0,296.0,374.0,219.0,296.0,312.0,375.0,125.0,93.0,125.0,94.0,93.0,109.0,78.0,78.0,141.0,125.0,93.0
12,18,312.0,250.0,265.0,390.0,327.0,359.0,219.0,296.0,265.0,375.0,109.0,125.0,78.0,125.0,109.0,110.0,109.0,78.0,94.0,125.0,109.0
12,19,374.0,250.0,312.0,343.0,328.0,374.0,187.0,328.0,312.0,406.0,125.0,94.0,140.0,94.0,125.0,93.0,78.0,78.0,125.0,109.0,93.0
13,0,187.0,936.0,843.0,187.0,546.0,874.0,171.0,203.0,172.0,343.0,78.0,78.0,94.0,62.0,94.0,78.0,93.0,63.0,109.0,78.0,93.0
13,1,203.0,203.0,1076.0,203.0,234.0,780.0,156.0,1061.0,187.0,686.0,78.0,78.0,62.0,63.0,78.0,94.0,31.0,47.0,78.0,94.0,110.0
13,2,187.0,188.0,1248.0,202.0,453.0,1466.0,141.0,358.0,188.0,436.0,109.0,78.0,93.0,78.0,78.0,93.0,63.0,46.0,110.0,78.0,78.0
13,3,234.0,452.0,1732.0,827.0,296.0,1077.0,156.0,390.0,187.0,327.0,78.0,78.0,78.0,47.0,93.0,109.0,62.0,62.0,109.0,78.0,78.0
13,4,187.0,328.0,1482.0,187.0,390.0,1217.0,156.0,296.0,156.0,578.0,94.0,78.0,78.0,78.0,78.0,94.0,62.0,94.0,94.0,63.0,78.0
13,5,218.0,453.0,577.0,203.0,296.0,406.0,171.0,593.0,187.0,531.0,78.0,78.0,109.0,78.0,93.0,94.0,78.0,63.0,94.0,78.0,62.0
13,6,218.0,250.0,530.0,375.0,764.0,530.0,172.0,250.0,156.0,468.0,78.0,109.0,78.0,109.0,78.0,94.0,63.0,47.0,78.0,78.0,93.0
13,7,203.0,702.0,655.0,234.0,483.0,1217.0,172.0,359.0,171.0,718.0,78.0,78.0,93.0,78.0,62.0,94.0,63.0,31.0,93.0,78.0,93.0
13,8,202.0,250.0,1279.0,203.0,265.0,577.0,188.0,202.0,172.0,577.0,78.0,78.0,78.0,78.0,78.0,94.0,94.0,62.0,94.0,78.0,78.0
13,9,171.0,390.0,1077.0,171.0,250.0,2137.0,140.0,453.0,171.0,390.0,62.0,78.0,63.0,78.0,63.0,78.0,62.0,78.0,78.0,63.0,94.0
13,10,234.0,202.0,1794.0,203.0,328.0,827.0,171.0,219.0,156.0,592.0,93.0,78.0,94.0,78.0,78.0,78.0,62.0,31.0,109.0,109.0,78.0
13,11,203.0,655.0,484.0,234.0,406.0,717.0,156.0,515.0,156.0,484.0,78.0,78.0,78.0,94.0,78.0,109.0,31.0,63.0,78.0,94.0,78.0
13,12,202.0,203.0,889.0,188.0,327.0,406.0,171.0,219.0,187.0,686.0,78.0,78.0,94.0,78.0,93.0,78.0,78.0,63.0,93.0,78.0,78.0
13,13,187.0,281.0,1966.0,203.0,296.0,546.0,156.0,780.0,156.0,328.0,94.0,78.0,94.0,109.0,62.0,78.0,62.0,62.0,125.0,94.0,93.0
13,14,187.0,577.0,577.0,250.0,577.0,1388.0,156.0,281.0,172.0,671.0,78.0,78.0,78.0,78.0,78.0,94.0,63.0,47.0,78.0,78.0,78.0
13,15,281.0,436.0,1139.0,219.0,358.0,453.0,156.0,249.0,172.0,562.0,93.0,78.0,94.0,78.0,93.0,78.0,62.0,47.0,94.0,78.0,78.0
13,16,218.0,234.0,1342.0,546.0,296.0,406.0,156.0,249.0,203.0,499.0,78.0,78.0,94.0,62.0,78.0,109.0,47.0,31.0,78.0,63.0,94.0
13,17,593.0,187.0,702.0,499.0,484.0,561.0,172.0,218.0,203.0,811.0,78.0,62.0,78.0,78.0,78.0,93.0,78.0,47.0,78.0,78.0,78.0
13,18,202.0,328.0,328.0,187.0,234.0,686.0,172.0,218.0,172.0,780.0,78.0,78.0,62.0,93.0,78.0,109.0,78.0,47.0,109.0,109.0,78.0
13,19,687.0,218.0,624.0,187.0,281.0,593.0,172.0,748.0,156.0,375.0,110.0,78.0,109.0,78.0,94.0,78.0,78.0,78.0,78.0,78.0,78.0
14,0,343.0,219.0,218.0,296.0,328.0,281.0,187.0,203.0,265.0,234.0,78.0,78.0,78.0,109.0,78.0,94.0,78.0,78.0,93.0,78.0,109.0
14,1,219.0,234.0,265.0,203.0,265.0,171.0,203.0,219.0,218.0,234.0,125.0,140.0,93.0,109.0,109.0,125.0,94.0,187.0,124.0,109.0,125.0
14,2,281.0,249.0,250.0,281.0,296.0,281.0,234.0,249.0,266.0,265.0,140.0,156.0,109.0,109.0,124.0,94.0,93.0,93.0,125.0,140.0,125.0
14,3,281.0,234.0,265.0,249.0,266.0,280.0,219.0,249.0,297.0,234.0,140.0,109.0,93.0,93.0,110.0,109.0,125.0,125.0,141.0,109.0,125.0
14,4,280.0,219.0,249.0,266.0,265.0,218.0,156.0,203.0,218.0,266.0,109.0,125.0,93.0,110.0,109.0,109.0,63.0,125.0,125.0,141.0,140.0
14,5,312.0,250.0,234.0,265.0,281.0,281.0,218.0,250.0,234.0,296.0,141.0,125.0,93.0,109.0,109.0,140.0,109.0,125.0,124.0,156.0,125.0
14,6,328.0,218.0,266.0,265.0,281.0,218.0,172.0,218.0,265.0,250.0,141.0,94.0,78.0,93.0,93.0,124.0,78.0,124.0,109.0,109.0,140.0
14,7,312.0,265.0,234.0,219.0,296.0,218.0,156.0,250.0,203.0,265.0,125.0,125.0,78.0,94.0,124.0,109.0,63.0,110.0,125.0,109.0,109.0
14,8,889.0,218.0,234.0,250.0,281.0,234.0,218.0,141.0,265.0,234.0,93.0,109.0,94.0,94.0,94.0,125.0,93.0,172.0,140.0,109.0,140.0
14,9,234.0,219.0,218.0,234.0,265.0,156.0,187.0,188.0,187.0,234.0,125.0,109.0,109.0,109.0,78.0,109.0,78.0,110.0,109.0,125.0,93.0
14,10,265.0,218.0,219.0,249.0,266.0,249.0,187.0,156.0,281.0,234.0,93.0,109.0,78.0,93.0,110.0,109.0,78.0,78.0,110.0,94.0,125.0
14,11,296.0,219.0,249.0,265.0,281.0,234.0,203.0,218.0,250.0,296.0,125.0,94.0,93.0,109.0,94.0,78.0,94.0,109.0,110.0,109.0,94.0
14,12,296.0,250.0,218.0,999.0,265.0,203.0,202.0,141.0,281.0,265.0,93.0,63.0,78.0,109.0,109.0,140.0,93.0,172.0,171.0,124.0,109.0
14,13,265.0,250.0,234.0,296.0,421.0,827.0,156.0,250.0,218.0,281.0,125.0,141.0,78.0,140.0,125.0,125.0,78.0,141.0,140.0,109.0,94.0
14,14,327.0,219.0,249.0,250.0,281.0,218.0,219.0,218.0,250.0,280.0,125.0,110.0,109.0,110.0,125.0,109.0,94.0,93.0,125.0,124.0,125.0
14,15,297.0,218.0,250.0,655.0,296.0,203.0,172.0,140.0,359.0,297.0,141.0,125.0,94.0,125.0,125.0,110.0,78.0,171.0,156.0,125.0,109.0
14,16,250.0,234.0,390.0,265.0,265.0,188.0,187.0,156.0,390.0,374.0,141.0,109.0,78.0,109.0,94.0,125.0,93.0,140.0,78.0,78.0,94.0
14,17,624.0,219.0,421.0,359.0,327.0,266.0,296.0,156.0,265.0,328.0,110.0,110.0,125.0,125.0,125.0,219.0,140.0,140.0,172.0,156.0,140.0
14,18,265.0,203.0,219.0,218.0,265.0,187.0,172.0,187.0,219.0,234.0,125.0,110.0,78.0,109.0,109.0,125.0,94.0,172.0,125.0,93.0,124.0
14,19,203.0,203.0,234.0,171.0,281.0,156.0,172.0,140.0,218.0,203.0,125.0,109.0,109.0,124.0,141.0,125.0,78.0,187.0,140.0,125.0,125.0
15,0,343.0,546.0,1670.0,343.0,359.0,483.0,203.0,484.0,327.0,562.0,94.0,78.0,63.0,78.0,78.0,78.0,47.0,31.0,62.0,94.0,62.0
15,1,437.0,842.0,1747.0,359.0,328.0,421.0,218.0,437.0,733.0,1046.0,62.0,93.0,62.0,63.0,78.0,78.0,47.0,63.0,47.0,78.0,62.0
15,2,421.0,531.0,515.0,312.0,1310.0,920.0,250.0,764.0,219.0,717.0,94.0,94.0,78.0,78.0,78.0,78.0,78.0,62.0,63.0,62.0,63.0
15,3,327.0,546.0,1061.0,375.0,3260.0,765.0,218.0,452.0,297.0,1076.0,93.0,94.0,63.0,78.0,46.0,47.0,78.0,62.0,63.0,78.0,78.0
15,4,327.0,266.0,343.0,312.0,296.0,406.0,187.0,390.0,297.0,358.0,62.0,78.0,78.0,62.0,47.0,78.0,78.0,63.0,63.0,78.0,78.0
15,5,374.0,1810.0,515.0,499.0,733.0,640.0,187.0,421.0,686.0,983.0,78.0,94.0,78.0,78.0,31.0,78.0,62.0,62.0,94.0,63.0,109.0
15,6,561.0,468.0,843.0,359.0,889.0,905.0,187.0,499.0,281.0,655.0,78.0,94.0,78.0,78.0,62.0,62.0,62.0,62.0,62.0,78.0,62.0
15,7,390.0,656.0,717.0,375.0,358.0,437.0,219.0,452.0,390.0,608.0,78.0,78.0,78.0,94.0,62.0,78.0,94.0,62.0,78.0,78.0,94.0
15,8,343.0,468.0,608.0,359.0,421.0,421.0,188.0,624.0,733.0,764.0,78.0,78.0,62.0,63.0,94.0,63.0,63.0,62.0,31.0,94.0,78.0
15,9,328.0,343.0,406.0,390.0,343.0,437.0,171.0,390.0,422.0,1357.0,78.0,78.0,78.0,62.0,62.0,78.0,62.0,16.0,63.0,93.0,78.0
15,10,390.0,951.0,983.0,374.0,827.0,640.0,156.0,468.0,312.0,842.0,62.0,78.0,78.0,78.0,63.0,63.0,62.0,62.0,62.0,93.0,78.0
15,11,344.0,764.0,967.0,375.0,452.0,421.0,187.0,437.0,343.0,624.0,78.0,78.0,78.0,63.0,62.0,47.0,78.0,47.0,63.0,78.0,63.0
15,12,328.0,296.0,421.0,328.0,312.0,374.0,234.0,375.0,312.0,343.0,47.0,62.0,94.0,63.0,62.0,47.0,78.0,47.0,62.0,46.0,93.0
15,13,359.0,280.0,640.0,343.0,359.0,437.0,171.0,422.0,390.0,468.0,78.0,93.0,78.0,78.0,63.0,47.0,47.0,47.0,62.0,78.0,93.0
15,14,359.0,421.0,733.0,343.0,780.0,656.0,187.0,421.0,343.0,827.0,78.0,78.0,94.0,78.0,78.0,94.0,78.0,62.0,78.0,63.0,78.0
15,15,359.0,749.0,405.0,406.0,437.0,1747.0,187.0,437.0,265.0,437.0,109.0,78.0,78.0,94.0,47.0,15.0,62.0,62.0,62.0,62.0,62.0
15,16,343.0,655.0,1045.0,390.0,484.0,406.0,202.0,390.0,312.0,983.0,78.0,78.0,94.0,94.0,78.0,62.0,62.0,47.0,94.0,63.0,94.0
15,17,390.0,717.0,702.0,375.0,670.0,1654.0,187.0,468.0,437.0,1030.0,62.0,78.0,63.0,78.0,62.0,63.0,62.0,47.0,63.0,78.0,62.0
15,18,374.0,281.0,499.0,328.0,405.0,437.0,187.0,375.0,483.0,1264.0,62.0,78.0,62.0,63.0,62.0,110.0,63.0,63.0,78.0,94.0,78.0
15,19,374.0,468.0,811.0,344.0,655.0,1170.0,203.0,436.0,359.0,827.0,62.0,78.0,94.0,78.0,62.0,93.0,62.0,31.0,78.0,63.0,78.0
16,0,437.0,328.0,297.0,360.0,296.0,360.0,312.0,313.0,390.0,422.0,78.0,94.0,78.0,78.0,93.0,79.0,78.0,63.0,78.0,79.0,63.0
16,1,500.0,359.0,297.0,344.0,281.0,375.0,312.0,297.0,407.0,375.0,62.0,78.0,94.0,78.0,78.0,78.0,78.0,79.0,78.0,78.0,93.0
16,2,578.0,282.0,234.0,375.0,313.0,437.0,234.0,297.0,344.0,375.0,78.0,63.0,47.0,47.0,78.0,78.0,78.0,79.0,63.0,78.0,78.0
16,3,484.0,266.0,266.0,359.0,281.0,500.0,219.0,297.0,437.0,391.0,63.0,94.0,156.0,62.0,63.0,78.0,63.0,78.0,78.0,79.0,78.0
16,4,422.0,297.0,281.0,313.0,297.0,515.0,282.0,328.0,359.0,375.0,63.0,94.0,78.0,63.0,78.0,78.0,79.0,78.0,94.0,94.0,94.0
16,5,406.0,282.0,234.0,297.0,297.0,422.0,312.0,297.0,344.0,344.0,78.0,63.0,62.0,63.0,78.0,78.0,78.0,63.0,63.0,78.0,78.0
16,6,421.0,313.0,297.0,359.0,313.0,375.0,297.0,312.0,500.0,344.0,78.0,79.0,78.0,78.0,94.0,78.0,78.0,78.0,78.0,78.0,94.0
16,7,453.0,312.0,297.0,328.0,297.0,391.0,297.0,312.0,375.0,375.0,93.0,62.0,63.0,63.0,94.0,78.0,78.0,78.0,78.0,78.0,78.0
16,8,484.0,282.0,281.0,359.0,297.0,391.0,234.0,297.0,391.0,375.0,78.0,79.0,62.0,62.0,63.0,78.0,62.0,63.0,78.0,78.0,62.0
16,9,484.0,312.0,250.0,344.0,281.0,391.0,219.0,281.0,438.0,359.0,78.0,78.0,47.0,63.0,78.0,79.0,63.0,62.0,78.0,78.0,109.0
16,10,531.0,250.0,250.0,344.0,297.0,359.0,219.0,297.0,422.0,359.0,63.0,63.0,63.0,63.0,78.0,63.0,63.0,63.0,63.0,62.0,94.0
16,11,500.0,250.0,282.0,343.0,313.0,406.0,188.0,297.0,390.0,375.0,63.0,63.0,63.0,62.0,79.0,78.0,63.0,78.0,62.0,78.0,110.0
16,12,531.0,266.0,250.0,437.0,360.0,453.0,203.0,312.0,360.0,422.0,78.0,78.0,62.0,78.0,78.0,78.0,78.0,78.0,63.0,78.0,78.0
16,13,406.0,297.0,313.0,343.0,328.0,407.0,312.0,313.0,359.0,344.0,78.0,78.0,63.0,78.0,94.0,79.0,62.0,63.0,78.0,94.0,94.0
16,14,484.0,281.0,250.0,360.0,296.0,375.0,297.0,313.0,359.0,360.0,78.0,78.0,63.0,78.0,78.0,79.0,79.0,78.0,78.0,78.0,93.0
16,15,563.0,328.0,281.0,359.0,282.0,359.0,344.0,281.0,391.0,343.0,78.0,78.0,62.0,62.0,63.0,78.0,78.0,62.0,78.0,62.0,78.0
16,16,438.0,297.0,265.0,344.0,297.0,500.0,297.0,297.0,421.0,375.0,78.0,62.0,62.0,63.0,78.0,94.0,78.0,62.0,78.0,79.0,79.0
16,17,438.0,281.0,250.0,328.0,282.0,390.0,266.0,297.0,422.0,328.0,94.0,78.0,63.0,63.0,63.0,62.0,63.0,62.0,78.0,62.0,109.0
16,18,469.0,281.0,250.0,360.0,297.0,406.0,265.0,313.0,391.0,375.0,94.0,63.0,63.0,78.0,93.0,78.0,78.0,79.0,78.0,93.0,93.0
16,19,469.0,297.0,281.0,328.0,297.0,391.0,265.0,282.0,406.0,359.0,78.0,78.0,78.0,78.0,78.0,78.0,78.0,63.0,78.0,78.0,94.0
17,0,203.0,203.0,1030.0,140.0,250.0,327.0,172.0,468.0,234.0,390.0,63.0,62.0,93.0,62.0,78.0,78.0,63.0,78.0,62.0,78.0,78.0
17,1,218.0,203.0,593.0,171.0,234.0,312.0,156.0,187.0,188.0,390.0,78.0,62.0,93.0,78.0,78.0,94.0,63.0,63.0,94.0,78.0,62.0
17,2,234.0,188.0,218.0,172.0,202.0,266.0,140.0,187.0,203.0,421.0,63.0,63.0,78.0,78.0,78.0,78.0,62.0,62.0,94.0,62.0,78.0
17,3,219.0,218.0,3214.0,156.0,234.0,265.0,156.0,203.0,171.0,437.0,78.0,78.0,94.0,62.0,62.0,78.0,62.0,62.0,78.0,110.0,63.0
17,4,219.0,203.0,249.0,219.0,218.0,250.0,187.0,203.0,202.0,234.0,94.0,93.0,109.0,78.0,78.0,78.0,62.0,62.0,78.0,78.0,78.0
17,5,234.0,203.0,655.0,203.0,296.0,562.0,156.0,218.0,156.0,453.0,78.0,47.0,94.0,63.0,47.0,63.0,62.0,62.0,78.0,78.0,78.0
17,6,234.0,203.0,515.0,296.0,234.0,312.0,172.0,187.0,171.0,375.0,78.0,78.0,93.0,46.0,78.0,94.0,62.0,46.0,78.0,94.0,93.0
17,7,188.0,202.0,780.0,172.0,203.0,593.0,171.0,531.0,187.0,327.0,63.0,78.0,110.0,63.0,78.0,109.0,31.0,78.0,78.0,78.0,78.0
17,8,203.0,187.0,765.0,156.0,218.0,406.0,156.0,218.0,187.0,281.0,78.0,62.0,78.0,62.0,62.0,78.0,62.0,93.0,78.0,78.0,62.0
17,9,203.0,218.0,250.0,202.0,219.0,234.0,171.0,219.0,203.0,249.0,109.0,78.0,94.0,78.0,78.0,93.0,78.0,94.0,93.0,109.0,109.0
17,10,203.0,187.0,515.0,187.0,281.0,421.0,171.0,172.0,187.0,406.0,78.0,62.0,62.0,62.0,78.0,93.0,78.0,47.0,78.0,109.0,93.0
17,11,234.0,249.0,1357.0,188.0,717.0,281.0,140.0,219.0,203.0,312.0,93.0,78.0,47.0,63.0,93.0,94.0,62.0,94.0,109.0,78.0,78.0
17,12,187.0,188.0,702.0,156.0,234.0,811.0,156.0,218.0,187.0,515.0,63.0,63.0,109.0,62.0,93.0,93.0,47.0,78.0,63.0,94.0,78.0
17,13,202.0,219.0,249.0,203.0,250.0,249.0,234.0,203.0,219.0,468.0,78.0,78.0,93.0,94.0,94.0,109.0,110.0,63.0,109.0,109.0,93.0
17,14,203.0,219.0,748.0,188.0,202.0,624.0,141.0,546.0,218.0,437.0,78.0,94.0,93.0,78.0,78.0,94.0,47.0,78.0,93.0,78.0,63.0
17,15,219.0,203.0,203.0,187.0,203.0,249.0,172.0,171.0,172.0,359.0,94.0,78.0,62.0,78.0,93.0,109.0,63.0,62.0,94.0,78.0,78.0
17,16,203.0,187.0,203.0,172.0,218.0,281.0,187.0,203.0,218.0,687.0,47.0,62.0,63.0,62.0,78.0,94.0,78.0,62.0,93.0,109.0,78.0
17,17,203.0,250.0,780.0,218.0,219.0,280.0,172.0,187.0,203.0,296.0,94.0,78.0,78.0,93.0,78.0,109.0,47.0,78.0,109.0,109.0,78.0
17,18,250.0,218.0,671.0,218.0,266.0,312.0,202.0,234.0,219.0,421.0,94.0,93.0,109.0,78.0,110.0,109.0,78.0,94.0,78.0,93.0,78.0
17,19,234.0,203.0,1045.0,187.0,234.0,640.0,156.0,171.0,219.0,312.0,94.0,78.0,78.0,62.0,78.0,78.0,62.0,47.0,94.0,109.0,78.0
18,0,297.0,249.0,827.0,297.0,468.0,1606.0,141.0,296.0,297.0,452.0,63.0,93.0,78.0,63.0,78.0,93.0,47.0,47.0,78.0,93.0,62.0
18,1,328.0,250.0,1029.0,281.0,1108.0,1638.0,140.0,375.0,265.0,327.0,78.0,78.0,62.0,78.0,109.0,62.0,78.0,63.0,78.0,78.0,63.0
18,2,312.0,468.0,1030.0,390.0,624.0,920.0,140.0,562.0,640.0,561.0,62.0,78.0,94.0,62.0,62.0,78.0,62.0,78.0,78.0,78.0,63.0
18,3,312.0,250.0,546.0,281.0,452.0,999.0,156.0,858.0,1216.0,515.0,78.0,63.0,94.0,62.0,62.0,78.0,78.0,62.0,93.0,94.0,63.0
18,4,296.0,546.0,1217.0,421.0,328.0,1700.0,125.0,312.0,296.0,593.0,46.0,62.0,78.0,47.0,62.0,78.0,31.0,47.0,78.0,63.0,78.0
18,5,421.0,827.0,811.0,312.0,344.0,670.0,172.0,515.0,608.0,312.0,78.0,78.0,78.0,78.0,78.0,78.0,63.0,47.0,62.0,94.0,63.0
18,6,312.0,406.0,873.0,406.0,312.0,1872.0,171.0,219.0,405.0,1904.0,78.0,78.0,62.0,78.0,62.0,62.0,62.0,32.0,78.0,63.0,62.0
18,7,577.0,578.0,639.0,359.0,671.0,1217.0,140.0,390.0,281.0,343.0,78.0,78.0,62.0,63.0,78.0,109.0,62.0,62.0,94.0,78.0,62.0
18,8,343.0,656.0,951.0,531.0,842.0,1092.0,140.0,359.0,343.0,531.0,78.0,94.0,62.0,78.0,78.0,78.0,62.0,78.0,78.0,63.0,78.0
18,9,328.0,1107.0,1061.0,343.0,827.0,718.0,140.0,421.0,406.0,1014.0,63.0,62.0,94.0,78.0,63.0,78.0,62.0,78.0,78.0,94.0,78.0
18,10,358.0,437.0,1482.0,1498.0,546.0,405.0,141.0,265.0,312.0,640.0,78.0,78.0,78.0,63.0,93.0,62.0,47.0,62.0,94.0,94.0,78.0
18,11,281.0,982.0,952.0,281.0,390.0,1029.0,172.0,296.0,297.0,437.0,46.0,78.0,78.0,62.0,93.0,62.0,63.0,62.0,78.0,93.0,78.0
18,12,390.0,577.0,843.0,327.0,312.0,1935.0,156.0,249.0,281.0,562.0,62.0,94.0,94.0,93.0,94.0,94.0,62.0,78.0,47.0,78.0,62.0
18,13,655.0,234.0,905.0,811.0,515.0,842.0,140.0,593.0,546.0,921.0,93.0,78.0,93.0,93.0,78.0,78.0,47.0,63.0,109.0,63.0,78.0
18,14,452.0,733.0,624.0,312.0,1451.0,1217.0,140.0,390.0,515.0,609.0,78.0,47.0,78.0,63.0,63.0,78.0,62.0,63.0,78.0,78.0,93.0
18,15,359.0,249.0,1701.0,343.0,312.0,1248.0,125.0,639.0,765.0,250.0,78.0,93.0,94.0,78.0,62.0,94.0,47.0,78.0,78.0,78.0,46.0
18,16,359.0,219.0,686.0,281.0,717.0,1077.0,140.0,515.0,874.0,343.0,78.0,78.0,62.0,62.0,78.0,94.0,47.0,47.0,94.0,78.0,78.0
18,17,421.0,874.0,936.0,327.0,749.0,718.0,140.0,297.0,265.0,546.0,62.0,94.0,78.0,78.0,63.0,78.0,62.0,47.0,78.0,78.0,78.0
18,18,265.0,312.0,577.0,578.0,514.0,1217.0,141.0,218.0,905.0,296.0,62.0,94.0,78.0,78.0,78.0,78.0,63.0,31.0,94.0,94.0,78.0
18,19,312.0,577.0,1514.0,296.0,281.0,1263.0,141.0,546.0,1139.0,358.0,78.0,78.0,63.0,62.0,78.0,93.0,63.0,62.0,93.0,62.0,47.0
19,0,360.0,171.0,313.0,312.0,297.0,485.0,140.0,266.0,328.0,328.0,63.0,62.0,79.0,62.0,79.0,78.0,62.0,78.0,62.0,78.0,78.0
19,1,422.0,187.0,500.0,313.0,265.0,703.0,125.0,250.0,297.0,281.0,62.0,62.0,63.0,78.0,62.0,63.0,63.0,78.0,63.0,63.0,79.0
19,2,344.0,187.0,328.0,313.0,453.0,469.0,140.0,250.0,328.0,297.0,62.0,62.0,63.0,78.0,62.0,62.0,62.0,78.0,63.0,63.0,94.0
19,3,312.0,188.0,297.0,281.0,250.0,984.0,125.0,266.0,281.0,282.0,62.0,63.0,62.0,47.0,47.0,47.0,47.0,63.0,63.0,47.0,62.0
19,4,750.0,171.0,672.0,297.0,406.0,407.0,140.0,235.0,343.0,329.0,78.0,62.0,63.0,63.0,63.0,63.0,62.0,63.0,62.0,79.0,78.0
19,5,312.0,219.0,578.0,266.0,250.0,593.0,125.0,250.0,282.0,297.0,62.0,63.0,62.0,63.0,62.0,62.0,63.0,63.0,47.0,62.0,78.0
19,6,360.0,593.0,500.0,282.0,265.0,469.0,141.0,250.0,281.0,281.0,63.0,62.0,78.0,63.0,62.0,63.0,62.0,62.0,46.0,62.0,78.0
19,7,375.0,172.0,343.0,313.0,281.0,391.0,140.0,250.0,282.0,312.0,62.0,62.0,78.0,79.0,78.0,78.0,78.0,79.0,63.0,78.0,94.0
19,8,360.0,172.0,328.0,390.0,344.0,438.0,140.0,235.0,312.0,313.0,63.0,62.0,62.0,78.0,78.0,78.0,62.0,63.0,78.0,63.0,78.0
19,9,313.0,203.0,312.0,313.0,250.0,422.0,140.0,235.0,281.0,313.0,47.0,62.0,62.0,79.0,62.0,62.0,62.0,47.0,47.0,78.0,78.0
19,10,859.0,157.0,437.0,313.0,297.0,375.0,140.0,250.0,297.0,328.0,63.0,63.0,78.0,63.0,78.0,62.0,62.0,63.0,63.0,78.0,63.0
19,11,297.0,203.0,313.0,281.0,266.0,406.0,140.0,266.0,266.0,281.0,63.0,63.0,63.0,62.0,62.0,46.0,62.0,63.0,47.0,62.0,62.0
19,12,359.0,172.0,250.0,297.0,281.0,547.0,141.0,234.0,328.0,328.0,62.0,47.0,62.0,62.0,78.0,78.0,62.0,62.0,78.0,78.0,94.0
19,13,329.0,187.0,531.0,313.0,281.0,375.0,156.0,250.0,313.0,297.0,79.0,78.0,63.0,63.0,78.0,78.0,78.0,63.0,63.0,62.0,93.0
19,14,407.0,203.0,281.0,328.0,266.0,640.0,125.0,375.0,328.0,344.0,63.0,62.0,62.0,62.0,47.0,62.0,47.0,63.0,63.0,63.0,63.0
19,15,329.0,203.0,297.0,296.0,250.0,688.0,109.0,250.0,297.0,328.0,79.0,62.0,62.0,62.0,63.0,79.0,62.0,78.0,63.0,63.0,78.0
19,16,329.0,203.0,312.0,297.0,281.0,547.0,141.0,234.0,281.0,282.0,63.0,62.0,62.0,63.0,78.0,63.0,63.0,62.0,63.0,63.0,78.0
19,17,328.0,219.0,343.0,313.0,266.0,437.0,141.0,250.0,281.0,328.0,78.0,62.0,47.0,63.0,62.0,78.0,63.0,62.0,62.0,62.0,63.0
19,18,359.0,188.0,312.0,313.0,250.0,641.0,140.0,250.0,297.0,281.0,78.0,63.0,47.0,63.0,62.0,78.0,62.0,63.0,63.0,63.0,94.0
19,19,359.0,188.0,312.0,313.0,343.0,453.0,141.0,234.0,297.0,266.0,62.0,63.0,78.0,78.0,78.0,78.0,63.0,78.0,63.0,63.0,62.0
20,0,234.0,187.0,203.0,249.0,250.0,421.0,234.0,250.0,203.0,312.0,47.0,62.0,62.0,62.0,94.0,78.0,94.0,47.0,78.0,93.0,93.0
20,1,249.0,188.0,826.0,297.0,249.0,328.0,250.0,733.0,218.0,265.0,62.0,94.0,62.0,78.0,78.0,78.0,62.0,62.0,62.0,47.0,78.0
20,2,218.0,188.0,280.0,234.0,234.0,468.0,203.0,390.0,234.0,297.0,47.0,47.0,46.0,32.0,47.0,32.0,47.0,47.0,78.0,63.0,78.0
20,3,312.0,187.0,187.0,219.0,202.0,546.0,219.0,296.0,250.0,873.0,78.0,78.0,62.0,47.0,78.0,94.0,78.0,62.0,78.0,47.0,94.0
20,4,218.0,218.0,1732.0,281.0,218.0,328.0,218.0,281.0,203.0,327.0,62.0,62.0,32.0,78.0,47.0,47.0,62.0,31.0,47.0,78.0,78.0
20,5,250.0,172.0,265.0,249.0,234.0,484.0,219.0,249.0,203.0,296.0,32.0,47.0,62.0,62.0,63.0,78.0,62.0,31.0,78.0,47.0,94.0
20,6,234.0,188.0,514.0,250.0,203.0,327.0,219.0,265.0,203.0,327.0,78.0,78.0,62.0,63.0,62.0,78.0,63.0,31.0,62.0,62.0,78.0
20,7,234.0,203.0,203.0,250.0,249.0,484.0,234.0,328.0,234.0,358.0,78.0,78.0,78.0,78.0,78.0,63.0,62.0,31.0,62.0,46.0,78.0
20,8,234.0,156.0,702.0,297.0,249.0,484.0,187.0,250.0,203.0,358.0,47.0,47.0,47.0,94.0,62.0,32.0,47.0,47.0,62.0,62.0,63.0
20,9,343.0,187.0,1217.0,265.0,219.0,1918.0,203.0,328.0,218.0,250.0,78.0,62.0,78.0,78.0,63.0,62.0,63.0,63.0,62.0,31.0,93.0
20,10,218.0,203.0,171.0,234.0,203.0,265.0,188.0,218.0,234.0,328.0,46.0,78.0,47.0,63.0,47.0,31.0,47.0,31.0,62.0,62.0,62.0
20,11,250.0,187.0,515.0,249.0,234.0,453.0,234.0,405.0,234.0,343.0,78.0,78.0,78.0,62.0,78.0,47.0,62.0,46.0,63.0,63.0,78.0
20,12,250.0,187.0,327.0,250.0,234.0,374.0,203.0,297.0,218.0,328.0,78.0,78.0,47.0,78.0,62.0,62.0,32.0,47.0,46.0,62.0,78.0
20,13,234.0,203.0,468.0,250.0,202.0,312.0,578.0,312.0,218.0,437.0,63.0,47.0,47.0,62.0,62.0,47.0,32.0,62.0,62.0,62.0,78.0
20,14,234.0,188.0,780.0,234.0,202.0,375.0,187.0,234.0,203.0,281.0,47.0,63.0,62.0,62.0,78.0,78.0,47.0,62.0,62.0,62.0,78.0
20,15,249.0,203.0,531.0,234.0,234.0,530.0,218.0,297.0,187.0,281.0,62.0,78.0,63.0,62.0,62.0,78.0,78.0,47.0,31.0,47.0,78.0
20,16,219.0,187.0,203.0,249.0,250.0,624.0,203.0,265.0,218.0,390.0,63.0,78.0,78.0,78.0,78.0,62.0,31.0,46.0,62.0,78.0,78.0
20,17,250.0,187.0,515.0,265.0,219.0,312.0,218.0,281.0,203.0,343.0,78.0,78.0,78.0,78.0,63.0,62.0,31.0,47.0,62.0,62.0,62.0
20,18,234.0,156.0,874.0,1014.0,249.0,375.0,203.0,249.0,219.0,390.0,47.0,31.0,47.0,47.0,78.0,63.0,47.0,46.0,63.0,62.0,46.0
20,19,281.0,234.0,218.0,374.0,406.0,702.0,234.0,265.0,203.0,312.0,78.0,78.0,62.0,109.0,110.0,94.0,62.0,62.0,78.0,94.0,94.0
21,0,421.0,234.0,312.0,624.0,422.0,421.0,265.0,437.0,281.0,343.0,125.0,94.0,125.0,141.0,172.0,156.0,109.0,94.0,78.0,78.0,94.0
21,1,390.0,359.0,218.0,344.0,343.0,405.0,234.0,390.0,328.0,406.0,78.0,94.0,31.0,94.0,93.0,125.0,78.0,94.0,94.0,140.0,109.0
21,2,375.0,234.0,265.0,328.0,296.0,406.0,218.0,328.0,265.0,328.0,110.0,93.0,93.0,109.0,109.0,156.0,109.0,109.0,93.0,109.0,109.0
21,3,343.0,266.0,296.0,328.0,327.0,375.0,218.0,296.0,250.0,343.0,125.0,110.0,78.0,62.0,109.0,94.0,93.0,78.0,94.0,109.0,109.0
21,4,390.0,312.0,686.0,437.0,515.0,406.0,280.0,328.0,328.0,437.0,125.0,125.0,78.0,63.0,109.0,78.0,78.0,94.0,109.0,109.0,78.0
21,5,374.0,344.0,296.0,608.0,359.0,406.0,296.0,453.0,280.0,359.0,125.0,188.0,109.0,94.0,125.0,109.0,140.0,109.0,93.0,94.0,94.0
21,6,328.0,265.0,250.0,343.0,328.0,530.0,203.0,452.0,328.0,343.0,125.0,125.0,78.0,93.0,78.0,109.0,78.0,109.0,125.0,125.0,109.0
21,7,405.0,266.0,234.0,702.0,405.0,437.0,296.0,406.0,281.0,405.0,93.0,94.0,62.0,93.0,109.0,109.0,109.0,94.0,94.0,78.0,125.0
21,8,390.0,249.0,250.0,374.0,297.0,327.0,234.0,281.0,297.0,343.0,125.0,93.0,94.0,78.0,94.0,93.0,94.0,47.0,109.0,93.0,93.0
21,9,375.0,312.0,265.0,624.0,327.0,640.0,218.0,687.0,296.0,343.0,141.0,171.0,124.0,93.0,109.0,141.0,94.0,125.0,93.0,109.0,94.0
21,10,359.0,249.0,265.0,328.0,296.0,593.0,281.0,296.0,281.0,328.0,109.0,78.0,94.0,94.0,94.0,110.0,125.0,47.0,78.0,109.0,93.0
21,11,421.0,250.0,296.0,375.0,499.0,359.0,218.0,328.0,280.0,344.0,78.0,109.0,109.0,125.0,140.0,93.0,93.0,78.0,78.0,110.0,124.0
21,12,328.0,265.0,250.0,327.0,343.0,999.0,390.0,671.0,280.0,375.0,78.0,78.0,78.0,93.0,78.0,63.0,125.0,62.0,93.0,94.0,109.0
21,13,359.0,234.0,265.0,328.0,296.0,593.0,203.0,421.0,312.0,343.0,110.0,94.0,109.0,110.0,109.0,110.0,94.0,78.0,125.0,94.0,110.0
21,14,343.0,234.0,265.0,546.0,359.0,375.0,234.0,390.0,280.0,297.0,125.0,109.0,94.0,94.0,110.0,109.0,93.0,78.0,109.0,78.0,93.0
21,15,359.0,218.0,250.0,686.0,328.0,436.0,219.0,312.0,249.0,328.0,93.0,78.0,62.0,78.0,109.0,109.0,78.0,78.0,78.0,94.0,94.0
21,16,375.0,249.0,297.0,655.0,421.0,421.0,234.0,577.0,297.0,359.0,109.0,109.0,109.0,109.0,109.0,94.0,78.0,78.0,110.0,78.0,46.0
21,17,390.0,234.0,249.0,656.0,436.0,437.0,234.0,343.0,390.0,437.0,109.0,93.0,93.0,125.0,140.0,141.0,109.0,94.0,94.0,141.0,109.0
21,18,359.0,265.0,266.0,374.0,343.0,437.0,218.0,375.0,483.0,390.0,141.0,109.0,63.0,109.0,94.0,125.0,94.0,94.0,125.0,78.0,110.0
21,19,343.0,296.0,265.0,328.0,343.0,421.0,234.0,297.0,312.0,390.0,93.0,125.0,78.0,94.0,78.0,141.0,110.0,78.0,93.0,125.0,93.0
22,0,156.0,172.0,187.0,203.0,187.0,250.0,140.0,218.0,172.0,234.0,63.0,94.0,62.0,78.0,93.0,78.0,62.0,62.0,78.0,78.0,62.0
22,1,156.0,172.0,202.0,141.0,218.0,203.0,125.0,171.0,172.0,203.0,47.0,62.0,78.0,78.0,78.0,47.0,47.0,78.0,78.0,78.0,93.0
22,2,187.0,156.0,187.0,203.0,219.0,218.0,156.0,203.0,156.0,187.0,78.0,63.0,63.0,94.0,109.0,78.0,62.0,78.0,62.0,62.0,78.0
22,3,171.0,203.0,234.0,156.0,234.0,281.0,140.0,250.0,171.0,344.0,62.0,78.0,78.0,78.0,78.0,78.0,62.0,63.0,78.0,78.0,78.0
22,4,109.0,172.0,218.0,156.0,187.0,234.0,141.0,140.0,109.0,203.0,62.0,78.0,78.0,94.0,94.0,78.0,31.0,62.0,125.0,94.0,78.0
22,5,124.0,234.0,328.0,203.0,187.0,203.0,172.0,140.0,140.0,219.0,93.0,110.0,63.0,94.0,62.0,78.0,47.0,31.0,78.0,78.0,78.0
22,6,141.0,171.0,187.0,172.0,187.0,203.0,140.0,156.0,156.0,172.0,63.0,93.0,78.0,78.0,47.0,78.0,62.0,63.0,94.0,63.0,94.0
22,7,109.0,203.0,187.0,141.0,203.0,187.0,156.0,156.0,93.0,188.0,63.0,94.0,47.0,78.0,109.0,62.0,62.0,47.0,125.0,94.0,93.0
22,8,109.0,187.0,188.0,187.0,203.0,265.0,171.0,281.0,562.0,234.0,94.0,109.0,78.0,109.0,78.0,78.0,62.0,47.0,78.0,62.0,93.0
22,9,203.0,156.0,187.0,156.0,187.0,219.0,140.0,172.0,156.0,203.0,94.0,47.0,62.0,78.0,94.0,94.0,62.0,63.0,78.0,78.0,78.0
22,10,63.0,187.0,234.0,203.0,234.0,218.0,172.0,156.0,93.0,219.0,63.0,93.0,78.0,109.0,109.0,78.0,63.0,47.0,109.0,125.0,93.0
22,11,125.0,187.0,172.0,109.0,187.0,219.0,140.0,172.0,93.0,234.0,63.0,94.0,63.0,93.0,94.0,94.0,62.0,62.0,93.0,94.0,78.0
22,12,140.0,172.0,187.0,141.0,187.0,218.0,156.0,172.0,93.0,203.0,94.0,94.0,78.0,78.0,78.0,78.0,78.0,47.0,109.0,94.0,78.0
22,13,140.0,172.0,156.0,156.0,172.0,202.0,125.0,172.0,93.0,219.0,62.0,63.0,62.0,94.0,62.0,62.0,47.0,63.0,93.0,94.0,62.0
22,14,140.0,156.0,187.0,172.0,187.0,250.0,140.0,187.0,172.0,203.0,62.0,62.0,94.0,94.0,78.0,78.0,62.0,63.0,78.0,62.0,62.0
22,15,125.0,187.0,171.0,125.0,172.0,218.0,141.0,171.0,109.0,219.0,62.0,78.0,62.0,78.0,78.0,93.0,63.0,62.0,94.0,78.0,78.0
22,16,203.0,172.0,171.0,172.0,187.0,250.0,125.0,202.0,156.0,219.0,78.0,63.0,78.0,94.0,78.0,78.0,31.0,78.0,78.0,78.0,47.0
22,17,140.0,156.0,203.0,109.0,219.0,202.0,156.0,172.0,125.0,203.0,62.0,63.0,63.0,47.0,94.0,46.0,63.0,63.0,78.0,78.0,78.0
22,18,110.0,202.0,188.0,109.0,187.0,203.0,156.0,140.0,94.0,203.0,78.0,109.0,63.0,78.0,78.0,78.0,47.0,47.0,141.0,109.0,78.0
22,19,172.0,172.0,171.0,219.0,187.0,218.0,172.0,156.0,171.0,203.0,94.0,78.0,78.0,78.0,78.0,78.0,63.0,62.0,78.0,63.0,63.0
23,0,280.0,266.0,265.0,296.0,297.0,249.0,281.0,328.0,327.0,422.0,93.0,110.0,93.0,93.0,125.0,109.0,94.0,78.0,93.0,94.0,109.0
23,1,406.0,265.0,297.0,280.0,359.0,297.0,249.0,281.0,328.0,327.0,94.0,78.0,109.0,93.0,110.0,94.0,62.0,109.0,94.0,78.0,125.0
23,2,390.0,312.0,312.0,405.0,468.0,359.0,343.0,344.0,343.0,499.0,109.0,78.0,78.0,109.0,94.0,125.0,94.0,63.0,93.0,140.0,109.0
23,3,390.0,297.0,327.0,312.0,375.0,312.0,280.0,250.0,359.0,390.0,94.0,94.0,109.0,109.0,109.0,124.0,93.0,125.0,109.0,125.0,109.0
23,4,421.0,483.0,858.0,422.0,358.0,562.0,421.0,297.0,374.0,515.0,62.0,93.0,110.0,110.0,78.0,110.0,109.0,94.0,78.0,109.0,109.0
23,5,343.0,312.0,312.0,312.0,343.0,343.0,297.0,312.0,312.0,421.0,109.0,93.0,93.0,109.0,125.0,109.0,78.0,109.0,109.0,124.0,125.0
23,6,328.0,296.0,281.0,437.0,327.0,328.0,265.0,250.0,327.0,359.0,109.0,109.0,78.0,109.0,93.0,125.0,78.0,109.0,78.0,110.0,125.0
23,7,375.0,281.0,265.0,312.0,327.0,297.0,265.0,265.0,359.0,328.0,109.0,93.0,109.0,125.0,109.0,125.0,78.0,125.0,109.0,94.0,124.0
23,8,327.0,266.0,296.0,296.0,359.0,343.0,312.0,281.0,375.0,483.0,93.0,94.0,78.0,94.0,110.0,78.0,78.0,78.0,109.0,93.0,109.0
23,9,343.0,312.0,265.0,281.0,312.0,297.0,280.0,281.0,328.0,327.0,94.0,94.0,78.0,94.0,109.0,109.0,78.0,78.0,78.0,93.0,110.0
23,10,328.0,265.0,312.0,328.0,343.0,312.0,312.0,281.0,265.0,343.0,110.0,94.0,94.0,109.0,109.0,109.0,109.0,94.0,93.0,109.0,125.0
23,11,375.0,312.0,312.0,312.0,328.0,296.0,296.0,266.0,327.0,359.0,110.0,125.0,109.0,109.0,125.0,109.0,94.0,47.0,140.0,141.0,125.0
23,12,359.0,265.0,328.0,343.0,374.0,328.0,312.0,312.0,343.0,437.0,109.0,78.0,94.0,93.0,125.0,125.0,78.0,93.0,78.0,94.0,125.0
23,13,312.0,312.0,328.0,328.0,358.0,297.0,327.0,266.0,358.0,344.0,110.0,125.0,94.0,94.0,109.0,110.0,78.0,110.0,93.0,78.0,140.0
23,14,312.0,265.0,312.0,281.0,343.0,312.0,281.0,265.0,344.0,327.0,109.0,78.0,110.0,110.0,109.0,94.0,94.0,109.0,110.0,93.0,94.0
23,15,328.0,249.0,312.0,297.0,358.0,328.0,281.0,249.0,359.0,375.0,109.0,109.0,109.0,109.0,109.0,110.0,109.0,93.0,110.0,125.0,124.0
23,16,390.0,296.0,266.0,483.0,359.0,281.0,265.0,265.0,297.0,327.0,140.0,125.0,78.0,93.0,125.0,94.0,109.0,109.0,94.0,93.0,109.0
23,17,406.0,281.0,265.0,561.0,328.0,328.0,265.0,265.0,296.0,328.0,109.0,125.0,93.0,78.0,78.0,78.0,62.0,78.0,78.0,94.0,94.0
23,18,733.0,296.0,266.0,280.0,312.0,328.0,265.0,265.0,375.0,405.0,78.0,94.0,78.0,93.0,110.0,125.0,78.0,109.0,94.0,93.0,94.0
23,19,312.0,265.0,296.0,266.0,327.0,297.0,265.0,249.0,328.0,328.0,109.0,109.0,109.0,94.0,93.0,109.0,78.0,109.0,110.0,125.0,124.0
24,0,530.0,390.0,406.0,452.0,422.0,1263.0,187.0,640.0,343.0,1467.0,62.0,94.0,47.0,78.0,63.0,78.0,63.0,78.0,78.0,63.0,78.0
24,1,437.0,343.0,1295.0,655.0,1045.0,4602.0,218.0,936.0,359.0,687.0,62.0,62.0,93.0,62.0,62.0,78.0,47.0,63.0,47.0,47.0,78.0
24,2,374.0,312.0,250.0,749.0,421.0,546.0,218.0,515.0,468.0,499.0,62.0,63.0,31.0,47.0,62.0,78.0,93.0,47.0,78.0,31.0,47.0
24,3,358.0,359.0,297.0,592.0,687.0,827.0,202.0,515.0,687.0,2074.0,46.0,78.0,63.0,62.0,47.0,78.0,46.0,47.0,63.0,78.0,63.0
24,4,406.0,312.0,312.0,515.0,405.0,687.0,187.0,593.0,358.0,422.0,63.0,62.0,62.0,62.0,62.0,63.0,62.0,62.0,78.0,63.0,78.0
24,5,374.0,312.0,312.0,983.0,406.0,639.0,188.0,452.0,452.0,1826.0,94.0,94.0,63.0,63.0,63.0,62.0,63.0,62.0,62.0,63.0,93.0
24,6,483.0,375.0,390.0,686.0,905.0,1326.0,249.0,609.0,390.0,561.0,93.0,63.0,78.0,46.0,78.0,62.0,31.0,47.0,62.0,62.0,63.0
24,7,328.0,296.0,266.0,452.0,390.0,546.0,156.0,406.0,374.0,421.0,63.0,62.0,63.0,31.0,62.0,78.0,31.0,62.0,93.0,63.0,63.0
24,8,422.0,358.0,687.0,905.0,390.0,842.0,172.0,717.0,406.0,811.0,94.0,62.0,63.0,62.0,62.0,78.0,63.0,62.0,63.0,47.0,78.0
24,9,375.0,281.0,2106.0,1872.0,1232.0,1669.0,203.0,858.0,375.0,920.0,78.0,62.0,93.0,78.0,62.0,94.0,47.0,62.0,78.0,93.0,47.0
24,10,421.0,328.0,343.0,718.0,593.0,546.0,187.0,593.0,390.0,468.0,94.0,47.0,62.0,63.0,78.0,93.0,62.0,31.0,62.0,62.0,93.0
24,11,406.0,405.0,858.0,484.0,484.0,468.0,187.0,468.0,390.0,515.0,78.0,93.0,63.0,32.0,78.0,46.0,46.0,47.0,62.0,62.0,78.0
24,12,546.0,405.0,390.0,1342.0,1170.0,1326.0,281.0,717.0,375.0,671.0,93.0,62.0,78.0,78.0,62.0,62.0,31.0,62.0,63.0,62.0,93.0
24,13,390.0,375.0,1326.0,514.0,562.0,468.0,172.0,452.0,374.0,453.0,78.0,63.0,46.0,93.0,125.0,62.0,62.0,62.0,78.0,63.0,47.0
24,14,374.0,250.0,265.0,515.0,390.0,562.0,156.0,468.0,390.0,483.0,94.0,63.0,78.0,94.0,78.0,94.0,31.0,46.0,62.0,78.0,63.0
24,15,375.0,265.0,250.0,530.0,421.0,499.0,156.0,500.0,390.0,452.0,78.0,93.0,78.0,78.0,62.0,78.0,63.0,63.0,78.0,62.0,62.0
24,16,531.0,546.0,3166.0,468.0,1014.0,453.0,172.0,546.0,374.0,624.0,94.0,78.0,62.0,94.0,94.0,63.0,172.0,46.0,62.0,62.0,47.0
24,17,374.0,265.0,609.0,421.0,483.0,671.0,156.0,453.0,390.0,483.0,78.0,47.0,63.0,46.0,47.0,63.0,47.0,78.0,78.0,62.0,63.0
24,18,437.0,671.0,1014.0,686.0,702.0,2449.0,172.0,780.0,421.0,1170.0,109.0,125.0,93.0,125.0,94.0,94.0,32.0,78.0,62.0,31.0,63.0
24,19,546.0,234.0,390.0,437.0,577.0,1248.0,187.0,624.0,406.0,452.0,78.0,47.0,47.0,62.0,78.0,78.0,62.0,62.0,78.0,46.0,78.0
25,0,390.0,250.0,265.0,327.0,328.0,359.0,187.0,281.0,343.0,312.0,109.0,109.0,78.0,109.0,125.0,109.0,15.0,78.0,109.0,94.0,94.0
25,1,359.0,250.0,249.0,312.0,328.0,312.0,203.0,296.0,343.0,266.0,125.0,94.0,93.0,94.0,78.0,78.0,78.0,78.0,94.0,78.0,109.0
25,2,406.0,218.0,265.0,312.0,312.0,312.0,188.0,280.0,328.0,328.0,109.0,78.0,94.0,94.0,110.0,78.0,78.0,78.0,78.0,125.0,109.0
25,3,391.0,234.0,249.0,546.0,297.0,343.0,187.0,281.0,312.0,359.0,94.0,109.0,93.0,94.0,94.0,78.0,62.0,78.0,93.0,109.0,109.0
25,4,421.0,203.0,250.0,499.0,312.0,296.0,188.0,265.0,265.0,265.0,141.0,78.0,78.0,93.0,140.0,109.0,78.0,78.0,93.0,109.0,156.0
25,5,468.0,421.0,250.0,468.0,328.0,374.0,203.0,312.0,296.0,796.0,109.0,219.0,110.0,109.0,109.0,109.0,125.0,109.0,109.0,219.0,109.0
25,6,359.0,250.0,234.0,296.0,343.0,328.0,187.0,296.0,344.0,327.0,94.0,94.0,62.0,78.0,94.0,78.0,93.0,94.0,110.0,109.0,125.0
25,7,359.0,234.0,187.0,312.0,343.0,344.0,202.0,312.0,328.0,359.0,125.0,94.0,47.0,94.0,109.0,78.0,78.0,78.0,78.0,78.0,78.0
25,8,374.0,250.0,218.0,562.0,312.0,296.0,219.0,281.0,327.0,359.0,109.0,110.0,78.0,94.0,94.0,78.0,94.0,62.0,109.0,109.0,94.0
25,9,390.0,219.0,249.0,297.0,296.0,312.0,203.0,312.0,312.0,343.0,94.0,109.0,78.0,78.0,109.0,109.0,109.0,78.0,156.0,125.0,109.0
25,10,421.0,219.0,281.0,327.0,281.0,328.0,187.0,281.0,312.0,390.0,109.0,110.0,109.0,78.0,78.0,78.0,62.0,47.0,93.0,109.0,78.0
25,11,359.0,202.0,266.0,312.0,296.0,328.0,187.0,265.0,374.0,344.0,109.0,109.0,110.0,93.0,109.0,109.0,78.0,78.0,125.0,94.0,78.0
25,12,359.0,234.0,250.0,359.0,312.0,390.0,187.0,296.0,515.0,359.0,110.0,125.0,109.0,109.0,124.0,109.0,93.0,109.0,141.0,94.0,156.0
25,13,359.0,250.0,249.0,344.0,296.0,390.0,172.0,312.0,327.0,328.0,94.0,94.0,78.0,78.0,78.0,94.0,78.0,93.0,93.0,109.0,93.0
25,14,390.0,203.0,265.0,359.0,296.0,328.0,203.0,327.0,390.0,343.0,109.0,94.0,93.0,109.0,78.0,109.0,93.0,93.0,109.0,94.0,94.0
25,15,406.0,218.0,265.0,297.0,343.0,328.0,171.0,265.0,312.0,328.0,125.0,78.0,78.0,94.0,109.0,94.0,78.0,94.0,110.0,110.0,140.0
25,16,390.0,203.0,265.0,421.0,328.0,296.0,219.0,265.0,312.0,281.0,94.0,94.0,78.0,63.0,110.0,78.0,94.0,62.0,78.0,78.0,109.0
25,17,421.0,234.0,265.0,312.0,328.0,343.0,187.0,265.0,359.0,312.0,109.0,109.0,94.0,109.0,94.0,93.0,94.0,94.0,125.0,94.0,94.0
25,18,390.0,218.0,250.0,312.0,328.0,312.0,202.0,281.0,343.0,328.0,109.0,109.0,94.0,78.0,94.0,78.0,93.0,94.0,94.0,78.0,78.0
25,19,390.0,218.0,266.0,327.0,312.0,312.0,187.0,281.0,297.0,327.0,94.0,78.0,78.0,93.0,109.0,78.0,47.0,32.0,109.0,93.0,94.0
26,0,312.0,203.0,250.0,202.0,266.0,390.0,156.0,202.0,188.0,202.0,109.0,63.0,62.0,78.0,110.0,109.0,78.0,78.0,110.0,62.0,78.0
26,1,218.0,203.0,249.0,172.0,203.0,234.0,171.0,156.0,188.0,249.0,109.0,94.0,78.0,63.0,78.0,62.0,62.0,16.0,94.0,78.0,94.0
26,2,219.0,203.0,327.0,172.0,265.0,281.0,125.0,202.0,188.0,265.0,110.0,78.0,78.0,109.0,93.0,125.0,31.0,78.0,110.0,109.0,93.0
26,3,203.0,202.0,266.0,187.0,249.0,266.0,156.0,218.0,203.0,327.0,93.0,78.0,63.0,109.0,93.0,78.0,46.0,78.0,94.0,62.0,110.0
26,4,187.0,203.0,297.0,249.0,219.0,265.0,171.0,188.0,202.0,344.0,94.0,78.0,94.0,78.0,63.0,78.0,47.0,32.0,78.0,78.0,109.0
26,5,171.0,234.0,312.0,187.0,266.0,249.0,141.0,187.0,203.0,265.0,78.0,109.0,94.0,94.0,78.0,78.0,47.0,62.0,125.0,78.0,78.0
26,6,249.0,234.0,297.0,203.0,265.0,265.0,94.0,218.0,187.0,203.0,93.0,110.0,125.0,140.0,93.0,62.0,16.0,93.0,94.0,63.0,78.0
26,7,187.0,219.0,234.0,203.0,234.0,234.0,156.0,156.0,171.0,250.0,94.0,125.0,109.0,109.0,78.0,93.0,46.0,31.0,109.0,78.0,78.0
26,8,219.0,218.0,281.0,234.0,218.0,375.0,171.0,219.0,187.0,281.0,110.0,93.0,78.0,125.0,62.0,110.0,62.0,47.0,78.0,78.0,109.0
26,9,484.0,249.0,359.0,141.0,327.0,297.0,124.0,188.0,171.0,234.0,125.0,109.0,110.0,94.0,109.0,141.0,62.0,63.0,124.0,78.0,63.0
26,10,296.0,172.0,234.0,203.0,203.0,312.0,124.0,172.0,203.0,203.0,109.0,78.0,94.0,62.0,93.0,109.0,46.0,63.0,94.0,47.0,93.0
26,11,187.0,219.0,312.0,187.0,296.0,312.0,172.0,187.0,187.0,234.0,78.0,94.0,93.0,78.0,78.0,110.0,63.0,31.0,109.0,63.0,110.0
26,12,187.0,234.0,296.0,141.0,249.0,219.0,156.0,156.0,187.0,234.0,93.0,94.0,94.0,125.0,109.0,110.0,47.0,62.0,140.0,94.0,94.0
26,13,187.0,188.0,390.0,156.0,280.0,593.0,172.0,187.0,187.0,266.0,109.0,94.0,62.0,93.0,93.0,78.0,63.0,62.0,94.0,32.0,78.0
26,14,172.0,218.0,2090.0,188.0,265.0,296.0,141.0,187.0,171.0,266.0,94.0,93.0,62.0,125.0,109.0,109.0,63.0,62.0,78.0,78.0,62.0
26,15,172.0,218.0,328.0,203.0,296.0,359.0,203.0,156.0,202.0,188.0,109.0,78.0,78.0,140.0,109.0,78.0,93.0,46.0,124.0,47.0,109.0
26,16,172.0,218.0,281.0,171.0,328.0,250.0,187.0,234.0,203.0,312.0,78.0,93.0,62.0,125.0,125.0,109.0,62.0,62.0,93.0,62.0,93.0
26,17,234.0,172.0,265.0,219.0,218.0,390.0,156.0,156.0,187.0,250.0,94.0,63.0,94.0,94.0,78.0,109.0,62.0,62.0,109.0,63.0,78.0
26,18,203.0,234.0,171.0,203.0,219.0,499.0,156.0,359.0,171.0,250.0,109.0,109.0,78.0,156.0,78.0,78.0,78.0,93.0,93.0,94.0,78.0
26,19,218.0,234.0,733.0,219.0,249.0,265.0,94.0,218.0,188.0,265.0,78.0,109.0,109.0,125.0,93.0,94.0,16.0,94.0,125.0,93.0,109.0
27,0,281.0,265.0,329.0,312.0,313.0,328.0,156.0,328.0,266.0,297.0,62.0,62.0,63.0,62.0,63.0,62.0,62.0,62.0,63.0,62.0,78.0
27,1,281.0,235.0,250.0,312.0,281.0,360.0,140.0,313.0,265.0,329.0,62.0,63.0,62.0,78.0,47.0,63.0,62.0,63.0,62.0,79.0,109.0
27,2,328.0,203.0,469.0,312.0,297.0,391.0,125.0,266.0,265.0,281.0,62.0,63.0,47.0,47.0,47.0,63.0,62.0,47.0,62.0,47.0,63.0
27,3,281.0,250.0,344.0,406.0,375.0,360.0,140.0,282.0,281.0,765.0,78.0,47.0,63.0,63.0,78.0,78.0,62.0,63.0,78.0,62.0,110.0
27,4,281.0,235.0,234.0,328.0,297.0,500.0,156.0,313.0,265.0,344.0,78.0,63.0,46.0,62.0,47.0,47.0,62.0,63.0,62.0,63.0,63.0
27,5,266.0,218.0,329.0,250.0,265.0,578.0,125.0,328.0,313.0,422.0,78.0,62.0,63.0,62.0,78.0,63.0,47.0,63.0,47.0,62.0,62.0
27,6,281.0,234.0,250.0,360.0,328.0,687.0,141.0,344.0,265.0,328.0,62.0,62.0,63.0,63.0,62.0,62.0,63.0,62.0,62.0,63.0,63.0
27,7,297.0,266.0,297.0,296.0,329.0,343.0,141.0,281.0,266.0,328.0,63.0,63.0,62.0,46.0,63.0,46.0,63.0,62.0,63.0,62.0,78.0
27,8,297.0,234.0,453.0,360.0,297.0,515.0,141.0,328.0,250.0,297.0,62.0,47.0,63.0,78.0,62.0,78.0,47.0,62.0,47.0,47.0,62.0
27,9,281.0,235.0,265.0,360.0,359.0,344.0,140.0,282.0,265.0,344.0,63.0,63.0,62.0,47.0,62.0,47.0,47.0,63.0,62.0,63.0,78.0
27,10,375.0,344.0,812.0,422.0,359.0,657.0,281.0,297.0,281.0,437.0,62.0,62.0,62.0,78.0,62.0,78.0,62.0,62.0,62.0,62.0,79.0
27,11,469.0,359.0,1735.0,484.0,375.0,578.0,156.0,422.0,328.0,438.0,78.0,62.0,63.0,62.0,78.0,78.0,63.0,63.0,78.0,79.0,94.0
27,12,281.0,234.0,266.0,328.0,297.0,406.0,156.0,266.0,266.0,343.0,62.0,47.0,47.0,62.0,47.0,47.0,63.0,47.0,63.0,47.0,47.0
27,13,297.0,266.0,297.0,328.0,312.0,375.0,141.0,281.0,266.0,375.0,78.0,63.0,62.0,62.0,62.0,78.0,63.0,78.0,63.0,62.0,78.0
27,14,297.0,203.0,344.0,344.0,265.0,328.0,125.0,297.0,266.0,422.0,63.0,62.0,78.0,62.0,62.0,63.0,47.0,63.0,63.0,62.0,93.0
27,15,281.0,250.0,265.0,313.0,297.0,375.0,140.0,282.0,265.0,328.0,78.0,78.0,62.0,63.0,62.0,62.0,62.0,63.0,78.0,63.0,79.0
27,16,266.0,234.0,219.0,375.0,297.0,406.0,141.0,297.0,250.0,328.0,63.0,63.0,47.0,63.0,63.0,63.0,63.0,62.0,47.0,62.0,62.0
27,17,266.0,234.0,234.0,360.0,312.0,422.0,141.0,390.0,266.0,297.0,62.0,62.0,47.0,63.0,47.0,63.0,63.0,62.0,47.0,62.0,78.0
27,18,265.0,235.0,375.0,297.0,250.0,312.0,141.0,281.0,250.0,297.0,62.0,63.0,62.0,62.0,62.0,62.0,78.0,62.0,47.0,62.0,62.0
27,19,281.0,250.0,281.0,328.0,313.0,328.0,125.0,469.0,859.0,547.0,62.0,62.0,62.0,63.0,63.0,62.0,62.0,62.0,62.0,62.0,62.0
28,0,406.0,422.0,1094.0,422.0,453.0,844.0,406.0,422.0,390.0,532.0,78.0,78.0,78.0,78.0,62.0,78.0,62.0,62.0,62.0,63.0,78.0
28,1,312.0,313.0,547.0,343.0,344.0,1172.0,328.0,328.0,328.0,422.0,62.0,63.0,62.0,62.0,63.0,63.0,63.0,63.0,63.0,63.0,78.0
28,2,359.0,422.0,953.0,438.0,453.0,875.0,391.0,578.0,437.0,500.0,62.0,78.0,78.0,63.0,62.0,78.0,62.0,62.0,78.0,78.0,78.0
28,3,375.0,375.0,625.0,375.0,375.0,515.0,313.0,375.0,328.0,438.0,78.0,62.0,62.0,62.0,47.0,47.0,63.0,62.0,62.0,63.0,78.0
28,4,343.0,344.0,609.0,344.0,391.0,562.0,360.0,375.0,328.0,375.0,62.0,63.0,63.0,63.0,63.0,62.0,63.0,62.0,62.0,62.0,62.0
28,5,390.0,360.0,562.0,360.0,375.0,562.0,344.0,453.0,359.0,485.0,62.0,63.0,62.0,63.0,46.0,46.0,63.0,62.0,47.0,63.0,62.0
28,6,328.0,359.0,594.0,344.0,375.0,672.0,437.0,406.0,391.0,437.0,62.0,62.0,63.0,78.0,62.0,62.0,62.0,47.0,47.0,16.0,63.0
28,7,328.0,344.0,563.0,328.0,359.0,484.0,344.0,360.0,312.0,391.0,63.0,63.0,63.0,62.0,62.0,78.0,63.0,47.0,46.0,63.0,62.0
28,8,344.0,343.0,516.0,422.0,453.0,609.0,407.0,406.0,344.0,468.0,62.0,78.0,78.0,78.0,62.0,78.0,78.0,62.0,62.0,62.0,78.0
28,9,297.0,265.0,313.0,375.0,437.0,813.0,406.0,1359.0,485.0,1969.0,62.0,62.0,63.0,62.0,62.0,63.0,62.0,63.0,63.0,62.0,78.0
28,10,360.0,375.0,609.0,375.0,406.0,1485.0,328.0,390.0,344.0,406.0,47.0,62.0,62.0,63.0,78.0,63.0,62.0,62.0,63.0,47.0,63.0
28,11,359.0,360.0,640.0,391.0,406.0,797.0,375.0,375.0,375.0,594.0,62.0,63.0,62.0,63.0,62.0,63.0,62.0,47.0,62.0,62.0,78.0
28,12,406.0,375.0,531.0,391.0,406.0,891.0,234.0,610.0,437.0,469.0,62.0,63.0,47.0,63.0,62.0,63.0,62.0,47.0,62.0,47.0,78.0
28,13,391.0,422.0,797.0,375.0,406.0,1437.0,360.0,422.0,406.0,453.0,63.0,78.0,62.0,78.0,62.0,78.0,79.0,62.0,62.0,62.0,78.0
28,14,594.0,469.0,797.0,421.0,422.0,969.0,359.0,547.0,422.0,1531.0,78.0,78.0,78.0,78.0,79.0,78.0,63.0,79.0,78.0,78.0,110.0
28,15,359.0,360.0,500.0,343.0,360.0,797.0,312.0,500.0,344.0,437.0,62.0,63.0,47.0,62.0,63.0,62.0,47.0,47.0,63.0,62.0,63.0
28,16,375.0,406.0,688.0,390.0,407.0,656.0,359.0,360.0,359.0,453.0,63.0,78.0,63.0,62.0,63.0,62.0,62.0,63.0,62.0,47.0,78.0
28,17,359.0,359.0,594.0,375.0,375.0,656.0,344.0,360.0,390.0,531.0,62.0,63.0,63.0,63.0,63.0,78.0,79.0,63.0,62.0,63.0,63.0
28,18,313.0,328.0,578.0,313.0,312.0,688.0,281.0,328.0,344.0,390.0,47.0,62.0,63.0,63.0,62.0,63.0,62.0,47.0,63.0,47.0,63.0
28,19,312.0,344.0,625.0,344.0,344.0,1109.0,344.0,375.0,328.0,437.0,47.0,47.0,47.0,78.0,62.0,62.0,47.0,62.0,62.0,62.0,94.0
29,0,203.0,873.0,453.0,187.0,468.0,827.0,156.0,374.0,203.0,328.0,62.0,78.0,94.0,93.0,94.0,62.0,62.0,62.0,78.0,62.0,62.0
29,1,219.0,234.0,499.0,249.0,359.0,375.0,124.0,297.0,218.0,421.0,63.0,93.0,78.0,78.0,78.0,78.0,31.0,63.0,93.0,63.0,63.0
29,2,281.0,234.0,873.0,219.0,312.0,889.0,140.0,437.0,187.0,546.0,78.0,78.0,93.0,94.0,93.0,93.0,62.0,63.0,78.0,78.0,94.0
29,3,265.0,218.0,250.0,187.0,312.0,406.0,156.0,265.0,249.0,468.0,78.0,93.0,78.0,93.0,78.0,62.0,62.0,62.0,78.0,78.0,78.0
29,4,405.0,187.0,812.0,187.0,359.0,733.0,140.0,343.0,250.0,780.0,78.0,63.0,94.0,109.0,78.0,93.0,62.0,63.0,78.0,78.0,62.0
29,5,219.0,249.0,843.0,202.0,375.0,1107.0,141.0,390.0,234.0,296.0,47.0,78.0,78.0,78.0,78.0,78.0,63.0,62.0,78.0,78.0,47.0
29,6,374.0,234.0,1030.0,218.0,780.0,749.0,140.0,390.0,203.0,1233.0,78.0,94.0,47.0,93.0,78.0,94.0,62.0,63.0,78.0,94.0,93.0
29,7,249.0,234.0,999.0,218.0,343.0,827.0,125.0,374.0,219.0,312.0,93.0,78.0,94.0,93.0,62.0,63.0,47.0,78.0,78.0,62.0,62.0
29,8,218.0,250.0,624.0,202.0,312.0,375.0,140.0,468.0,702.0,328.0,62.0,78.0,78.0,78.0,78.0,78.0,62.0,63.0,78.0,78.0,62.0
29,9,296.0,203.0,375.0,171.0,297.0,951.0,141.0,405.0,219.0,296.0,62.0,78.0,78.0,78.0,94.0,93.0,63.0,93.0,78.0,62.0,62.0
29,10,203.0,219.0,1029.0,203.0,328.0,390.0,140.0,328.0,202.0,297.0,47.0,78.0,78.0,78.0,78.0,93.0,46.0,78.0,62.0,63.0,93.0
29,11,234.0,312.0,578.0,234.0,436.0,905.0,125.0,390.0,203.0,421.0,63.0,78.0,78.0,78.0,93.0,94.0,47.0,62.0,62.0,93.0,62.0
29,12,265.0,437.0,515.0,218.0,343.0,671.0,125.0,421.0,218.0,328.0,62.0,94.0,62.0,78.0,78.0,78.0,47.0,62.0,78.0,78.0,94.0
29,13,187.0,203.0,1170.0,219.0,265.0,327.0,141.0,936.0,187.0,250.0,63.0,78.0,47.0,94.0,78.0,78.0,47.0,78.0,62.0,47.0,93.0
29,14,296.0,203.0,874.0,234.0,358.0,983.0,141.0,374.0,203.0,281.0,62.0,63.0,78.0,93.0,78.0,63.0,47.0,78.0,78.0,62.0,93.0
29,15,234.0,468.0,764.0,500.0,1014.0,436.0,156.0,281.0,219.0,343.0,78.0,78.0,62.0,110.0,78.0,46.0,47.0,32.0,63.0,93.0,47.0
29,16,265.0,983.0,749.0,265.0,562.0,670.0,125.0,437.0,187.0,312.0,94.0,78.0,109.0,78.0,62.0,78.0,47.0,63.0,62.0,78.0,78.0
29,17,218.0,218.0,312.0,188.0,280.0,375.0,140.0,265.0,188.0,296.0,62.0,78.0,94.0,78.0,78.0,78.0,62.0,63.0,94.0,78.0,62.0
29,18,202.0,234.0,874.0,218.0,297.0,421.0,94.0,1731.0,203.0,359.0,62.0,78.0,47.0,78.0,47.0,93.0,16.0,93.0,63.0,94.0,62.0
29,19,234.0,203.0,436.0,188.0,343.0,577.0,140.0,375.0,218.0,1155.0,62.0,78.0,62.0,78.0,93.0,78.0,62.0,63.0,78.0,63.0,93.0
